tax_id,name,common_name,tax_level,species_taxid,genus_taxid,genus_name,family_taxid,category_name,is_phage,NT_r,NT_rpm,NT_zscore,NT_percentidentity,NT_alignmentlength,NT_neglogevalue,aggregatescore,NT_r_pct,NT_rpm_bg,NT_maxzscore,NR_r,NR_rpm,NR_zscore,NR_percentidentity,NR_alignmentlength,NR_neglogevalue,NR_r_pct,NR_rpm_bg,NR_maxzscore
561,Escherichia,"",2,-100,561,,543,Bacteria,0,18710,187152.402,99.0,99.4882,404.923,129.8340454,4312079215.389,22.16562,86.4796448,99.0,25431,254381.226,99.0,98.9027,136.077,226.8387146,30.12795,419.0569458,99.0
562,Escherichia coli,"",1,562,561,,543,Bacteria,0,18666,186712.279,99.0,99.4956,405.333,129.8526764,4312079215.389,22.11349,86.4796448,99.0,25318,253250.91,99.0,98.9206,136.491,226.6933594,29.99408,419.0569458,99.0
208962,Escherichia albertii,"",1,208962,561,,543,Bacteria,0,21,210.058,100.0,96.3007,166.714,76.3963699,6337762.2,0.02488,0.0,100.0,43,430.12,100.0,97.7767,39.3721,307.6526489,0.05094,0.0,100.0
564,Escherichia fergusonii,"",1,564,561,,543,Bacteria,0,12,120.033,100.0,97.5361,333.917,214.9156036,5149435.5,0.01422,0.0,100.0,40,400.112,100.0,92.0668,48.05,190.7180786,0.04739,0.0,100.0
2044467,Escherichia sp. E4742,"",1,2044467,561,,543,Bacteria,0,9,90.025,100.0,94.3637,266.222,115.4607086,990267.3,0.01066,0.0,100.0,1,10.002,100.0,87.8,41.0,307.6526489,0.00118,0.0,100.0
2093899,Escherichia sp. MOD1-EC6842,"",1,2093899,561,,543,Bacteria,0,0,0,-100,0.0,0.0,0.0,495138.60000000003,,,100.0,5,50.014,100.0,98.5366,65.6,152.7774048,0.00592,0.0,100.0
1499973,Escherichia marmotae,"",1,1499973,561,,543,Bacteria,0,2,20.005,100.0,98.4,126.0,71.2365723,396099.0,0.00237,0.0,100.0,2,20.005,100.0,90.45,36.5,307.6526489,0.00237,0.0,100.0
2040639,Escherichia sp. E4385,"",1,2040639,561,,543,Bacteria,0,0,0,-100,0.0,0.0,0.0,297079.2,,,100.0,3,30.008,100.0,95.9333,41.3333,307.6526489,0.00355,0.0,100.0
2044465,Escherichia sp. E4702,"",1,2044465,561,,543,Bacteria,0,0,0,-100,0.0,0.0,0.0,198049.5,,,100.0,2,20.005,100.0,100.0,28.0,307.6526489,0.00237,0.0,100.0
2093873,Escherichia sp. MOD1-EC5451,"",1,2093873,561,,543,Bacteria,0,0,0,-100,0.0,0.0,0.0,198049.5,,,100.0,2,20.005,100.0,85.55,41.5,307.6526489,0.00237,0.0,100.0
2093900,Escherichia sp. MOD1-EC7003,"",1,2093900,561,,543,Bacteria,0,0,0,-100,0.0,0.0,0.0,198049.5,,,100.0,2,20.005,100.0,92.1,39.5,307.6526489,0.00237,0.0,100.0
1169349,Escherichia sp. KTE31,"",1,1169349,561,,543,Bacteria,0,0,0,-100,0.0,0.0,0.0,99019.8,,,100.0,1,10.002,100.0,85.7,42.0,307.6526489,0.00118,0.0,100.0
1985876,Escherichia sp. ESNIH1,"",1,1985876,561,,543,Bacteria,0,0,0,-100,0.0,0.0,0.0,99019.8,,,100.0,1,10.002,100.0,100.0,41.0,307.6526489,0.00118,0.0,100.0
2041645,Escherichia sp. E1130,"",1,2041645,561,,543,Bacteria,0,0,0,-100,0.0,0.0,0.0,99019.8,,,100.0,1,10.002,100.0,94.4,36.0,307.6526489,0.00118,0.0,100.0
2041646,Escherichia sp. E2562,"",1,2041646,561,,543,Bacteria,0,0,0,-100,0.0,0.0,0.0,99019.8,,,100.0,1,10.002,100.0,94.7,38.0,307.6526489,0.00118,0.0,100.0
2044459,Escherichia sp. E2661,"",1,2044459,561,,543,Bacteria,0,0,0,-100,0.0,0.0,0.0,99019.8,,,100.0,1,10.002,100.0,96.8,31.0,307.6526489,0.00118,0.0,100.0
2044463,Escherichia sp. E4208,"",1,2044463,561,,543,Bacteria,0,0,0,-100,0.0,0.0,0.0,99019.8,,,100.0,1,10.002,100.0,97.5,40.0,307.6526489,0.00118,0.0,100.0
2044602,Escherichia sp. E5028,"",1,2044602,561,,543,Bacteria,0,0,0,-100,0.0,0.0,0.0,99019.8,,,100.0,1,10.002,100.0,88.6,35.0,307.6526489,0.00118,0.0,100.0
2093861,Escherichia sp. MOD1-EC4550,"",1,2093861,561,,543,Bacteria,0,0,0,-100,0.0,0.0,0.0,99019.8,,,100.0,1,10.002,100.0,97.3,37.0,307.6526489,0.00118,0.0,100.0
2093868,Escherichia sp. MOD1-EC5427,"",1,2093868,561,,543,Bacteria,0,0,0,-100,0.0,0.0,0.0,99019.8,,,100.0,1,10.002,100.0,100.0,41.0,307.6526489,0.00118,0.0,100.0
2093897,Escherichia sp. MOD1-EC6300,"",1,2093897,561,,543,Bacteria,0,0,0,-100,0.0,0.0,0.0,99019.8,,,100.0,1,10.002,100.0,97.6,41.0,307.6526489,0.00118,0.0,100.0
2137853,Escherichia sp. 20412-1,"",1,2137853,561,,543,Bacteria,0,0,0,-100,0.0,0.0,0.0,99019.8,,,100.0,1,10.002,100.0,100.0,41.0,307.6526489,0.00118,0.0,100.0
2478970,Escherichia sp. E10V10,"",1,2478970,561,,543,Bacteria,0,0,0,-100,0.0,0.0,0.0,99019.8,,,100.0,1,10.002,100.0,94.9,39.0,307.6526489,0.00118,0.0,100.0
2478974,Escherichia sp. E14V5,"",1,2478974,561,,543,Bacteria,0,0,0,-100,0.0,0.0,0.0,99019.8,,,100.0,1,10.002,100.0,82.4,34.0,307.6526489,0.00118,0.0,100.0
570,Klebsiella,"",2,-100,570,,543,Bacteria,0,29248,292561.917,99.0,99.7768,2799.26,200.2277679,2666520600.777,34.64992,43.4468307,99.0,22350,223562.597,99.0,99.0812,229.568,239.2949829,26.47791,41.7667618,99.0
573,Klebsiella pneumoniae,"",1,573,570,,543,Bacteria,0,11862,118653.222,99.0,99.7905,1390.01,230.0201111,2666520600.777,14.05284,42.0329018,99.0,15337,153412.955,99.0,99.0997,307.367,230.6974487,18.16965,39.6458702,99.0
548,Klebsiella aerogenes,"",1,548,570,,543,Bacteria,0,12475,124784.939,99.0,99.8159,3313.48,158.7650909,1756733062.986,14.77905,1.239053,99.0,5444,54455.247,99.0,99.3892,45.9864,266.0777283,6.44947,0.6195265,99.0
571,Klebsiella oxytoca,"",1,571,570,,543,Bacteria,0,4393,43942.303,99.0,99.6871,5396.34,236.9841766,489302925.903,5.20436,0.087438,100.0,592,5921.658,100.0,98.9042,130.628,223.6739197,0.70134,0.0,100.0
1134687,Klebsiella michiganensis,"",1,1134687,570,,543,Bacteria,0,222,2220.621,99.0,99.4289,583.297,218.6817322,62547884.585999995,0.263,0.087438,99.0,416,4161.165,99.0,98.9925,48.5817,259.5309753,0.49283,0.1748759,99.0
244366,Klebsiella variicola,"",1,244366,570,,543,Bacteria,0,134,1340.375,100.0,99.7021,1235.4,248.8329468,35352890.099999994,0.15875,0.0,100.0,223,2230.624,100.0,95.9099,67.5291,209.9268036,0.26419,0.0,100.0
1463165,Klebsiella quasipneumoniae,"",1,1463165,570,,543,Bacteria,0,35,350.098,100.0,99.2842,211.771,130.7571564,28759626.522,0.04146,0.0,100.0,258,2580.722,99.0,95.4396,184.775,222.1830902,0.30565,1.239053,100.0
2488567,Klebsiella sp. FDAARGOS_511,"",1,2488567,570,,543,Bacteria,0,97,970.271,100.0,98.7373,207.546,112.0367126,9605682.9,0.11492,0.0,100.0,0,0,-100,0.0,0.0,0.0,,,100.0
1972757,Klebsiella sp. PO552,"",1,1972757,570,,543,Bacteria,0,28,280.078,100.0,97.9201,711.25,307.6526489,2772772.1999999997,0.03317,0.0,100.0,0,0,-100,0.0,0.0,0.0,,,100.0
2058152,Klebsiella grimontii,"",1,2058152,570,,543,Bacteria,0,0,0,-100,0.0,0.0,0.0,2178603.9,,,100.0,22,220.061,100.0,98.0376,68.9545,239.8796234,0.02606,0.0,100.0
1905288,Klebsiella sp. LTGPAF-6F,"",1,1905288,570,,543,Bacteria,0,0,0,-100,0.0,0.0,0.0,1485415.8,,,100.0,15,150.042,100.0,98.225,169.0,116.5783997,0.01777,0.0,100.0
2026240,Klebsiella quasivariicola,"",1,2026240,570,,543,Bacteria,0,2,20.005,100.0,100.0,126.0,73.9586105,1188326.7000000002,0.00237,0.0,100.0,10,100.028,100.0,99.4204,52.4,200.282074,0.01185,0.0,100.0
2153354,Klebsiella sp. WCHKl090001,"",1,2153354,570,,543,Bacteria,0,0,0,-100,0.0,0.0,0.0,990277.2000000001,,,100.0,10,100.028,100.0,93.93,38.9,307.6526489,0.01185,0.0,100.0
749535,Klebsiella sp. MS 92-3,"",1,749535,570,,543,Bacteria,0,0,0,-100,0.0,0.0,0.0,882335.025,,,99.0,9,90.025,99.0,94.2829,40.1111,244.1219482,0.01066,0.087438,99.0
576,Klebsiella sp.,"",1,576,570,,543,Bacteria,0,0,0,-100,0.0,0.0,0.0,594158.4,,,100.0,6,60.016,100.0,98.78,82.0,38.0716057,0.00711,0.0,100.0
936565,Klebsiella sp. OBRC7,"",1,936565,570,,543,Bacteria,0,0,0,-100,0.0,0.0,0.0,198049.5,,,100.0,2,20.005,100.0,100.0,41.0,307.6526489,0.00237,0.0,100.0
936564,Klebsiella sp. AS10,"",1,936564,570,,543,Bacteria,0,0,0,-100,0.0,0.0,0.0,99019.8,,,100.0,1,10.002,100.0,95.1,41.0,307.6526489,0.00118,0.0,100.0
1263083,Klebsiella variicola CAG:634,"",1,1263083,570,,543,Bacteria,0,0,0,-100,0.0,0.0,0.0,99019.8,,,100.0,1,10.002,100.0,100.0,42.0,307.6526489,0.00118,0.0,100.0
1497828,Klebsiella sp. 636/52,"",1,1497828,570,,543,Bacteria,0,0,0,-100,0.0,0.0,0.0,99019.8,,,100.0,1,10.002,100.0,93.5,31.0,307.6526489,0.00118,0.0,100.0
1581110,Klebsiella sp. HMSC16C06,"",1,1581110,570,,543,Bacteria,0,0,0,-100,0.0,0.0,0.0,99019.8,,,100.0,1,10.002,100.0,70.7,41.0,307.6526489,0.00118,0.0,100.0
2126992,Klebsiella sp. C31,"",1,2126992,570,,543,Bacteria,0,0,0,-100,0.0,0.0,0.0,99019.8,,,100.0,1,10.002,100.0,88.9,36.0,307.6526489,0.00118,0.0,100.0
2267618,Klebsiella sp. P1CD1,"",1,2267618,570,,543,Bacteria,0,0,0,-100,0.0,0.0,0.0,99019.8,,,100.0,1,10.002,100.0,100.0,41.0,307.6526489,0.00118,0.0,100.0
590,Salmonella,"",2,-100,590,,543,Bacteria,0,6950,69519.465,99.0,99.54,898.464,187.4433136,1503796440.96,8.23362,306.7998047,99.0,8418,84203.577,99.0,98.7767,155.654,221.7202148,9.97275,1.5050019,99.0
28901,Salmonella enterica,"",1,28901,590,,543,Bacteria,0,6950,69519.465,99.0,99.54,898.464,187.4433136,1503796440.96,8.23362,306.7998047,99.0,8389,83913.495,99.0,98.7929,156.048,221.5532532,9.9384,1.5050019,99.0
54736,Salmonella bongori,"",1,54736,590,,543,Bacteria,0,0,0,-100,0.0,0.0,0.0,1386386.0999999999,,,100.0,14,140.039,100.0,92.6526,47.2857,229.6959229,0.01659,0.0,100.0
2583579,Salmonella sp. NCTC 11881,"",1,2583579,590,,543,Bacteria,0,0,0,-100,0.0,0.0,0.0,693188.1000000001,,,100.0,7,70.019,100.0,95.3143,33.1429,307.6526489,0.00829,0.0,100.0
1581094,Salmonella sp. HMSC13B08,"",1,1581094,590,,543,Bacteria,0,0,0,-100,0.0,0.0,0.0,495138.60000000003,,,100.0,5,50.014,100.0,98.56,41.6,307.6526489,0.00592,0.0,100.0
2583578,Salmonella sp. NCTC 7297,"",1,2583578,590,,543,Bacteria,0,0,0,-100,0.0,0.0,0.0,297079.2,,,100.0,3,30.008,100.0,90.5667,35.3333,307.6526489,0.00355,0.0,100.0
620,Shigella,"",2,-100,620,,543,Bacteria,0,11614,116172.528,100.0,99.5767,1636.5,181.2459717,1149174732.155,13.75903,0.0,100.0,7180,71820.109,99.0,98.9966,233.545,236.2512207,8.5061,0.9618176,100.0
623,Shigella flexneri,"",1,623,620,,543,Bacteria,0,6885,68869.283,100.0,99.619,2179.54,203.9329071,1149174732.155,8.15662,0.0,100.0,4697,46983.155,99.0,99.2661,297.399,241.6777191,5.56451,0.6120657,100.0
621,Shigella boydii,"",1,621,620,,543,Bacteria,0,2561,25617.172,100.0,99.671,1053.68,142.1336212,305586550.3,3.034,0.0,100.0,499,4991.397,100.0,99.2633,67.98,190.9528656,0.59116,0.0,100.0
622,Shigella dysenteriae,"",1,622,620,,543,Bacteria,0,1657,16574.64,100.0,99.326,685.77,153.0505371,223490451.849,1.96304,0.0,100.0,589,5891.649,99.0,98.0557,242.285,250.9280853,0.69778,0.087438,100.0
624,Shigella sonnei,"",1,624,620,,543,Bacteria,0,511,5111.431,100.0,99.3456,323.72,163.020874,185425616.437,0.60538,0.0,100.0,1370,13703.837,99.0,98.4216,74.6248,228.3260803,1.62303,0.2623139,100.0
1776082,Shigella sp. SF-2015,"",1,1776082,620,,543,Bacteria,0,0,0,-100,0.0,0.0,0.0,891247.5,,,100.0,9,90.025,100.0,96.1983,36.7778,211.2814636,0.01066,0.0,100.0
1886515,Shigella sp. FC1882,"",1,1886515,620,,543,Bacteria,0,0,0,-100,0.0,0.0,0.0,495138.60000000003,,,100.0,5,50.014,100.0,95.9,53.2,203.269455,0.00592,0.0,100.0
1898041,Shigella sp. FC1967,"",1,1898041,620,,543,Bacteria,0,0,0,-100,0.0,0.0,0.0,396108.9,,,100.0,4,40.011,100.0,100.0,62.0,40.801342,0.00474,0.0,100.0
1892895,Shigella sp. FC1544,"",1,1892895,620,,543,Bacteria,0,0,0,-100,0.0,0.0,0.0,198049.5,,,100.0,2,20.005,100.0,89.1,38.5,307.6526489,0.00237,0.0,100.0
1898679,Shigella sp. FC2125,"",1,1898679,620,,543,Bacteria,0,0,0,-100,0.0,0.0,0.0,198049.5,,,100.0,2,20.005,100.0,98.75,41.0,307.6526489,0.00237,0.0,100.0
1886513,Shigella sp. FC1661,"",1,1886513,620,,543,Bacteria,0,0,0,-100,0.0,0.0,0.0,99019.8,,,100.0,1,10.002,100.0,97.4,39.0,307.6526489,0.00118,0.0,100.0
1898682,Shigella sp. FC2117,"",1,1898682,620,,543,Bacteria,0,0,0,-100,0.0,0.0,0.0,99019.8,,,100.0,1,10.002,100.0,100.0,24.0,307.6526489,0.00118,0.0,100.0
2116503,Shigella sp. SHS-4,"",1,2116503,620,,543,Bacteria,0,0,0,-100,0.0,0.0,0.0,99019.8,,,100.0,1,10.002,100.0,100.0,41.0,307.6526489,0.00118,0.0,100.0
547,Enterobacter,"",2,-100,547,,543,Bacteria,0,7632,76341.375,99.0,99.7892,1467.24,200.1133575,1086894666.099,9.04158,1.4135476,99.0,6785,67869.003,99.0,98.8507,226.586,218.8587494,8.03815,3.0594716,99.0
550,Enterobacter cloacae,"",1,550,547,,543,Bacteria,0,5992,59936.782,100.0,99.8248,1710.41,195.1349792,1086894666.099,7.09868,0.0,100.0,5034,50354.099,99.0,99.3642,266.195,229.9155426,5.96375,0.9729134,100.0
158836,Enterobacter hormaechei,"",1,158836,547,,543,Bacteria,0,950,9502.66,100.0,99.7784,502.164,205.6609497,215250615.26099998,1.12546,0.0,100.0,1236,12363.461,99.0,97.558,108.207,175.4648438,1.46428,1.4708574,100.0
1811975,Enterobacter sp. HP19,"",1,1811975,547,,543,Bacteria,0,499,4991.397,100.0,99.4312,805.379,259.6566467,50008988.699999996,0.59116,0.0,100.0,6,60.016,100.0,100.0,41.5,121.6494293,0.00711,0.0,100.0
61645,Enterobacter asburiae,"",1,61645,547,,543,Bacteria,0,131,1310.366,99.0,100.0,422.137,186.3883972,23136828.66,0.15519,0.1748759,99.0,105,1050.294,99.0,98.559,51.0095,241.2531586,0.12439,0.265949,99.0
1812935,Enterobacter roggenkampii,"",1,1812935,547,,543,Bacteria,0,30,300.084,100.0,99.1966,272.433,161.4064026,17131791.6,0.03554,0.0,100.0,143,1430.4,100.0,97.5206,261.168,237.5100098,0.16941,0.0,100.0
208224,Enterobacter kobei,"",1,208224,547,,543,Bacteria,0,10,100.028,93.5293236,100.0,285.7,203.4583435,8650357.766925018,0.01185,0.5318979,100.0,78,780.218,100.0,98.825,125.192,171.8899994,0.09241,0.0,100.0
299767,Enterobacter ludwigii,"",1,299767,547,,543,Bacteria,0,4,40.011,37.1115414,94.6702,191.25,80.3401566,5890605.918412586,0.00474,0.5318979,100.0,58,580.162,100.0,94.5257,63.0862,213.3512115,0.06871,0.0,100.0
2027919,Enterobacter cloacae complex sp.,"",1,2027919,547,,543,Bacteria,0,0,0,-100,0.0,0.0,0.0,1485415.8,,,100.0,15,150.042,100.0,90.37,135.0,79.9956818,0.01777,0.0,100.0
1692238,Enterobacter sp. FY-07,"",1,1692238,547,,543,Bacteria,0,0,0,-100,0.0,0.0,0.0,1386386.0999999999,,,100.0,14,140.039,100.0,84.3443,58.8571,212.8863983,0.01659,0.0,100.0
881260,Enterobacter bugandensis,"",1,881260,547,,543,Bacteria,0,1,10.002,100.0,100.0,126.0,73.9586105,990267.3,0.00118,0.0,100.0,9,90.025,100.0,99.4667,43.8889,246.3392487,0.01066,0.0,100.0
1535203,Enterobacter sp. KINAN-G,"",1,1535203,547,,543,Bacteria,0,0,0,-100,0.0,0.0,0.0,891247.5,,,100.0,9,90.025,100.0,99.3667,49.6667,94.0494766,0.01066,0.0,100.0
69218,Enterobacter cancerogenus,"",1,69218,547,,543,Bacteria,0,0,0,-100,0.0,0.0,0.0,882335.025,,,99.0,9,90.025,99.0,93.7556,39.4444,307.6526489,0.01066,0.3497519,99.0
1736700,Enterobacter sp. 50793107,"",1,1736700,547,,543,Bacteria,0,0,0,-100,0.0,0.0,0.0,792217.8,,,100.0,8,80.022,100.0,100.0,64.0,27.4749546,0.00948,0.0,100.0
1632810,Enterobacter sp. 247,"",1,1632810,547,,543,Bacteria,0,7,70.019,100.0,99.8857,240.0,123.6830444,792207.9000000001,0.00829,0.0,100.0,1,10.002,100.0,100.0,41.0,307.6526489,0.00118,0.0,100.0
399742,Enterobacter sp. 638,"",1,399742,547,,543,Bacteria,0,2,20.005,100.0,90.95,101.0,45.2688026,792207.9,0.00237,0.0,100.0,6,60.016,100.0,96.95,39.8333,307.6526489,0.00711,0.0,100.0
2060771,Enterobacter cloacae complex sp. TREC1,"",1,2060771,547,,543,Bacteria,0,0,0,-100,0.0,0.0,0.0,693188.1000000001,,,100.0,7,70.019,100.0,95.522,67.0,42.3695717,0.00829,0.0,100.0
885040,Enterobacter soli,"",1,885040,547,,543,Bacteria,0,0,0,-100,0.0,0.0,0.0,594158.4,,,100.0,6,60.016,100.0,94.2667,39.1667,307.6526489,0.00711,0.0,100.0
1329823,Enterobacter sp. MGH 14,"",1,1329823,547,,543,Bacteria,0,0,0,-100,0.0,0.0,0.0,495138.60000000003,,,100.0,5,50.014,100.0,99.5,40.8,307.6526489,0.00592,0.0,100.0
1560339,Enterobacter sp. E20,"",1,1560339,547,,543,Bacteria,0,5,50.014,100.0,99.84,198.8,70.0942078,495138.60000000003,0.00592,0.0,100.0,0,0,-100,0.0,0.0,0.0,,,100.0
1329840,Enterobacter sp. BIDMC 28,"",1,1329840,547,,543,Bacteria,0,0,0,-100,0.0,0.0,0.0,297079.2,,,100.0,3,30.008,100.0,100.0,68.0,43.9788094,0.00355,0.0,100.0
1686399,Enterobacter sp. BIDMC100,"",1,1686399,547,,543,Bacteria,0,0,0,-100,0.0,0.0,0.0,297079.2,,,100.0,3,30.008,100.0,97.6193,32.0,112.1538849,0.00355,0.0,100.0
2485118,Enterobacter sp. BIGb0383,"",1,2485118,547,,543,Bacteria,0,0,0,-100,0.0,0.0,0.0,297079.2,,,100.0,3,30.008,100.0,85.294,34.0,12.7375488,0.00355,0.0,100.0
539813,Enterobacter mori,"",1,539813,547,,543,Bacteria,0,0,0,-100,0.0,0.0,0.0,198049.5,,,100.0,2,20.005,100.0,100.0,41.0,307.6526489,0.00237,0.0,100.0
1329816,Enterobacter sp. MGH 7,"",1,1329816,547,,543,Bacteria,0,0,0,-100,0.0,0.0,0.0,198049.5,,,100.0,2,20.005,100.0,97.55,41.5,307.6526489,0.00237,0.0,100.0
1449966,Enterobacter sp. T1-1,"",1,1449966,547,,543,Bacteria,0,0,0,-100,0.0,0.0,0.0,198049.5,,,100.0,2,20.005,100.0,100.0,41.0,307.6526489,0.00237,0.0,100.0
1678677,Enterobacter sp. OLF,"",1,1678677,547,,543,Bacteria,0,0,0,-100,0.0,0.0,0.0,198049.5,,,100.0,2,20.005,100.0,92.35,39.5,307.6526489,0.00237,0.0,100.0
2080659,Enterobacter cloacae complex sp. ECNIH13,"",1,2080659,547,,543,Bacteria,0,0,0,-100,0.0,0.0,0.0,198049.5,,,100.0,2,20.005,100.0,100.0,41.5,307.6526489,0.00237,0.0,100.0
2494702,Enterobacter huaxiensis,"",1,2494702,547,,543,Bacteria,0,0,0,-100,0.0,0.0,0.0,198049.5,,,100.0,2,20.005,100.0,100.0,41.0,307.6526489,0.00237,0.0,100.0
1166130,Enterobacter sp. R4-368,"",1,1166130,547,,543,Bacteria,0,0,0,-100,0.0,0.0,0.0,99019.8,,,100.0,1,10.002,100.0,92.9,42.0,307.6526489,0.00118,0.0,100.0
1202448,Enterobacter sp. Ag1,"",1,1202448,547,,543,Bacteria,0,0,0,-100,0.0,0.0,0.0,99019.8,,,100.0,1,10.002,100.0,100.0,41.0,307.6526489,0.00118,0.0,100.0
1378073,Enterobacter sp. CC120223-11,"",1,1378073,547,,543,Bacteria,0,0,0,-100,0.0,0.0,0.0,99019.8,,,100.0,1,10.002,100.0,95.2,42.0,307.6526489,0.00118,0.0,100.0
1566251,Enterobacter sp. NFIX58,"",1,1566251,547,,543,Bacteria,0,0,0,-100,0.0,0.0,0.0,99019.8,,,100.0,1,10.002,100.0,97.6,41.0,307.6526489,0.00118,0.0,100.0
1594172,Enterobacter sp. BIDMC92,"",1,1594172,547,,543,Bacteria,0,0,0,-100,0.0,0.0,0.0,99019.8,,,100.0,1,10.002,100.0,100.0,42.0,307.6526489,0.00118,0.0,100.0
1881029,Enterobacter sp. PDC34,"",1,1881029,547,,543,Bacteria,0,0,0,-100,0.0,0.0,0.0,99019.8,,,100.0,1,10.002,100.0,95.2,21.0,307.6526489,0.00118,0.0,100.0
1903627,Enterobacter sp. J49,"",1,1903627,547,,543,Bacteria,0,0,0,-100,0.0,0.0,0.0,99019.8,,,100.0,1,10.002,100.0,92.7,41.0,307.6526489,0.00118,0.0,100.0
2080662,Enterobacter cloacae complex sp. ECNIH11,"",1,2080662,547,,543,Bacteria,0,0,0,-100,0.0,0.0,0.0,99019.8,,,100.0,1,10.002,100.0,94.3,35.0,307.6526489,0.00118,0.0,100.0
2109729,Enterobacter sp. FS01,"",1,2109729,547,,543,Bacteria,0,0,0,-100,0.0,0.0,0.0,99019.8,,,100.0,1,10.002,100.0,100.0,42.0,307.6526489,0.00118,0.0,100.0
2202164,Enterobacter sp. RIT 418,"",1,2202164,547,,543,Bacteria,0,0,0,-100,0.0,0.0,0.0,99019.8,,,100.0,1,10.002,100.0,100.0,42.0,307.6526489,0.00118,0.0,100.0
2259496,Enterobacter sp. GER_MD16_1505_Eko_090,"",1,2259496,547,,543,Bacteria,0,0,0,-100,0.0,0.0,0.0,99019.8,,,100.0,1,10.002,100.0,85.4,41.0,307.6526489,0.00118,0.0,100.0
2364150,Enterobacter genomosp. O,"",1,2364150,547,,543,Bacteria,0,0,0,-100,0.0,0.0,0.0,99019.8,,,100.0,1,10.002,100.0,80.5,41.0,307.6526489,0.00118,0.0,100.0
2478464,Enterobacter oligotrophica,"",1,2478464,547,,543,Bacteria,0,1,10.002,100.0,100.0,126.0,73.9586105,99019.8,0.00118,0.0,100.0,0,0,-100,0.0,0.0,0.0,,,100.0
2497435,Enterobacter sp. WCHEn090032,"",1,2497435,547,,543,Bacteria,0,0,0,-100,0.0,0.0,0.0,99019.8,,,100.0,1,10.002,100.0,90.2,41.0,307.6526489,0.00118,0.0,100.0
2507249,Enterobacter sp. A8,"",1,2507249,547,,543,Bacteria,0,0,0,-100,0.0,0.0,0.0,99019.8,,,100.0,1,10.002,100.0,100.0,42.0,307.6526489,0.00118,0.0,100.0
2591007,Enterobacter sp. MHSD6,"",1,2591007,547,,543,Bacteria,0,0,0,-100,0.0,0.0,0.0,99019.8,,,100.0,1,10.002,100.0,100.0,42.0,307.6526489,0.00118,0.0,100.0
544,Citrobacter,"",2,-100,544,,543,Bacteria,0,9027,90295.282,99.0,99.7165,193.123,95.610878,640496324.5,10.69423,5.4462395,100.0,5211,52124.594,100.0,99.0329,47.5341,269.6625977,6.17344,0.0,100.0
545,Citrobacter koseri,"",1,545,544,,543,Bacteria,0,3983,39841.155,100.0,99.6699,152.15,81.236969,640496324.5,4.71864,0.0,100.0,2460,24606.889,100.0,99.1087,46.2508,270.6061096,2.91435,0.0,100.0
546,Citrobacter freundii,"",1,546,544,,543,Bacteria,0,3783,37840.595,99.0,99.7891,219.109,107.7934265,494910391.595,4.4817,0.087438,100.0,1240,12403.472,100.0,98.9394,52.2411,256.8596802,1.46902,0.0,100.0
67827,Citrobacter werkmanii,"",1,67827,544,,543,Bacteria,0,485,4851.358,100.0,99.5625,146.109,83.7151184,110245864.2,0.57458,0.0,100.0,622,6221.742,100.0,99.6262,44.2765,284.1643677,0.73688,0.0,100.0
1703250,Citrobacter sp. CRE-46,"",1,1703250,544,,543,Bacteria,0,489,4891.369,99.0,99.7958,128.697,74.6025162,57142877.569,0.57932,5.3588018,100.0,92,920.257,100.0,99.4792,43.4565,284.6888733,0.10899,0.0,100.0
1639133,Citrobacter portucalensis,"",1,1639133,544,,543,Bacteria,0,18,180.05,100.0,99.4224,193.111,99.7461777,16686665.0,0.02132,0.0,100.0,149,1490.417,100.0,98.9301,53.6175,275.5872803,0.17652,0.0,100.0
2077147,Citrobacter freundii complex sp. CFNIH3,"",1,2077147,544,,543,Bacteria,0,158,1580.442,100.0,99.8986,873.424,231.9530334,15646375.8,0.18718,0.0,100.0,0,0,-100,0.0,0.0,0.0,,,100.0
133448,Citrobacter youngae,"",1,133448,544,,543,Bacteria,0,0,0,-100,0.0,0.0,0.0,11803300.0,,,100.0,118,1180.33,100.0,97.1443,42.7119,265.9545288,0.13979,0.0,100.0
1897730,Citrobacter sp. CFSAN044567,"",1,1897730,544,,543,Bacteria,0,0,0,-100,0.0,0.0,0.0,11203130.000000002,,,100.0,112,1120.313,100.0,99.7093,43.7589,286.7586365,0.13269,0.0,100.0
57706,Citrobacter braakii,"",1,57706,544,,543,Bacteria,0,0,0,-100,0.0,0.0,0.0,9702710.0,,,100.0,97,970.271,100.0,98.7178,42.9485,285.6916199,0.11492,0.0,100.0
35703,Citrobacter amalonaticus,"",1,35703,544,,543,Bacteria,0,14,140.039,100.0,99.138,170.714,88.7779083,6287756.1,0.01659,0.0,100.0,49,490.137,100.0,98.402,50.9592,262.3301697,0.05805,0.0,100.0
1920110,Citrobacter sp. CFNIH10,"",1,1920110,544,,543,Bacteria,0,51,510.142,100.0,99.3849,349.235,200.2740631,5050405.8,0.06042,0.0,100.0,0,0,-100,0.0,0.0,0.0,,,100.0
2576427,Citrobacter sp. wls708,"",1,2576427,544,,543,Bacteria,0,0,0,-100,0.0,0.0,0.0,4501260.0,,,100.0,45,450.126,100.0,99.7664,43.9778,283.9911804,0.05331,0.0,100.0
2077149,Citrobacter freundii complex sp. CFNIH9,"",1,2077149,544,,543,Bacteria,0,24,240.067,100.0,99.8862,334.917,110.9083786,2376663.3000000003,0.02843,0.0,100.0,0,0,-100,0.0,0.0,0.0,,,100.0
2576426,Citrobacter sp. wls710,"",1,2576426,544,,543,Bacteria,0,0,0,-100,0.0,0.0,0.0,2200610.0,,,100.0,22,220.061,100.0,99.3881,42.9545,269.9195557,0.02606,0.0,100.0
2576422,Citrobacter sp. wls714,"",1,2576422,544,,543,Bacteria,0,0,0,-100,0.0,0.0,0.0,2100580.0,,,100.0,21,210.058,100.0,98.9787,51.9524,233.3594055,0.02488,0.0,100.0
2576411,Citrobacter sp. wls830,"",1,2576411,544,,543,Bacteria,0,0,0,-100,0.0,0.0,0.0,2000560.0,,,100.0,20,200.056,100.0,99.88,41.3,307.6526489,0.02369,0.0,100.0
2562449,Citrobacter sp. SNU WT2,"",1,2562449,544,,543,Bacteria,0,7,70.019,100.0,98.7229,240.857,122.3513718,1693468.1,0.00829,0.0,100.0,10,100.028,100.0,95.5,40.9,307.6526489,0.01185,0.0,100.0
1686384,Citrobacter sp. BIDMC107,"",1,1686384,544,,543,Bacteria,0,0,0,-100,0.0,0.0,0.0,1500420.0,,,100.0,15,150.042,100.0,100.0,108.467,168.495697,0.01777,0.0,100.0
67825,Citrobacter rodentium,"",1,67825,544,,543,Bacteria,0,0,0,-100,0.0,0.0,0.0,1300360.0,,,100.0,13,130.036,100.0,98.654,44.7692,264.8308105,0.0154,0.0,100.0
2576407,Citrobacter sp. TBCS-15,"",1,2576407,544,,543,Bacteria,0,0,0,-100,0.0,0.0,0.0,1300360.0,,,100.0,13,130.036,100.0,98.7154,39.4615,307.6526489,0.0154,0.0,100.0
2576435,Citrobacter sp. wls615,"",1,2576435,544,,543,Bacteria,0,0,0,-100,0.0,0.0,0.0,1300360.0,,,100.0,13,130.036,100.0,99.8154,41.0,307.6526489,0.0154,0.0,100.0
2576428,Citrobacter sp. wls707,"",1,2576428,544,,543,Bacteria,0,0,0,-100,0.0,0.0,0.0,1100300.0,,,100.0,11,110.03,100.0,98.9551,54.7273,233.9589691,0.01303,0.0,100.0
1914243,Citrobacter europaeus,"",1,1914243,544,,543,Bacteria,0,0,0,-100,0.0,0.0,0.0,1000280.0,,,100.0,10,100.028,100.0,95.1932,40.2,221.2916107,0.01185,0.0,100.0
67824,Citrobacter farmeri,"",1,67824,544,,543,Bacteria,0,5,50.014,100.0,96.6472,173.0,84.4737167,995278.6000000001,0.00592,0.0,100.0,5,50.014,100.0,99.52,41.2,307.6526489,0.00592,0.0,100.0
1563222,Citrobacter pasteurii,"",1,1563222,544,,543,Bacteria,0,0,0,-100,0.0,0.0,0.0,800220.0,,,100.0,8,80.022,100.0,95.025,38.5,307.6526489,0.00948,0.0,100.0
2576432,Citrobacter sp. wls619,"",1,2576432,544,,543,Bacteria,0,0,0,-100,0.0,0.0,0.0,800220.0,,,100.0,8,80.022,100.0,99.0625,40.0,307.6526489,0.00948,0.0,100.0
2546350,Citrobacter sp. LY-1,"",1,2546350,544,,543,Bacteria,0,6,60.016,100.0,94.686,308.5,86.1732559,794208.4,0.00711,0.0,100.0,2,20.005,100.0,91.45,41.5,307.6526489,0.00237,0.0,100.0
1639132,Citrobacter sp. A316,"",1,1639132,544,,543,Bacteria,0,0,0,-100,0.0,0.0,0.0,700190.0,,,100.0,7,70.019,100.0,99.6571,56.4286,195.9232788,0.00829,0.0,100.0
2013114,Citrobacter sp. 86,"",1,2013114,544,,543,Bacteria,0,0,0,-100,0.0,0.0,0.0,500140.0,,,100.0,5,50.014,100.0,83.292,62.0,87.74617,0.00592,0.0,100.0
2576406,Citrobacter sp. TBCP-5362,"",1,2576406,544,,543,Bacteria,0,4,40.011,100.0,99.0,126.0,72.2584534,396108.9,0.00474,0.0,100.0,0,0,-100,0.0,0.0,0.0,,,100.0
1169350,Citrobacter sp. KTE32,"",1,1169350,544,,543,Bacteria,0,0,0,-100,0.0,0.0,0.0,300080.0,,,100.0,3,30.008,100.0,98.498,77.0,136.5955658,0.00355,0.0,100.0
1686380,Citrobacter sp. MGH105,"",1,1686380,544,,543,Bacteria,0,0,0,-100,0.0,0.0,0.0,300080.0,,,100.0,3,30.008,100.0,89.4333,41.0,307.6526489,0.00355,0.0,100.0
1736699,Citrobacter sp. 50677481,"",1,1736699,544,,543,Bacteria,0,0,0,-100,0.0,0.0,0.0,300080.0,,,100.0,3,30.008,100.0,99.2,41.3333,307.6526489,0.00355,0.0,100.0
2576419,Citrobacter sp. wls717,"",1,2576419,544,,543,Bacteria,0,0,0,-100,0.0,0.0,0.0,300080.0,,,100.0,3,30.008,100.0,99.2,41.3333,307.6526489,0.00355,0.0,100.0
2576429,Citrobacter sp. wls706,"",1,2576429,544,,543,Bacteria,0,0,0,-100,0.0,0.0,0.0,300080.0,,,100.0,3,30.008,100.0,99.2,38.6667,307.6526489,0.00355,0.0,100.0
184912,Citrobacter sp. TSA-1,"",1,184912,544,,543,Bacteria,0,0,0,-100,0.0,0.0,0.0,200050.0,,,100.0,2,20.005,100.0,93.85,40.5,307.6526489,0.00237,0.0,100.0
200446,uncultured Citrobacter sp.,"",1,200446,544,,543,Bacteria,0,0,0,-100,0.0,0.0,0.0,200050.0,,,100.0,2,20.005,100.0,86.667,45.0,23.3615112,0.00237,0.0,100.0
1439319,Citrobacter sp. MGH 55,"",1,1439319,544,,543,Bacteria,0,0,0,-100,0.0,0.0,0.0,200050.0,,,100.0,2,20.005,100.0,90.25,41.0,307.6526489,0.00237,0.0,100.0
1686377,Citrobacter sp. MGH100,"",1,1686377,544,,543,Bacteria,0,0,0,-100,0.0,0.0,0.0,200050.0,,,100.0,2,20.005,100.0,90.9,32.0,307.6526489,0.00237,0.0,100.0
1686378,Citrobacter sp. MGH103,"",1,1686378,544,,543,Bacteria,0,0,0,-100,0.0,0.0,0.0,200050.0,,,100.0,2,20.005,100.0,92.5,40.5,307.6526489,0.00237,0.0,100.0
1686381,Citrobacter sp. MGH106,"",1,1686381,544,,543,Bacteria,0,0,0,-100,0.0,0.0,0.0,200050.0,,,100.0,2,20.005,100.0,92.5,40.5,307.6526489,0.00237,0.0,100.0
67828,Citrobacter gillenii,"",1,67828,544,,543,Bacteria,0,0,0,-100,0.0,0.0,0.0,100020.0,,,100.0,1,10.002,100.0,81.6,38.0,307.6526489,0.00118,0.0,100.0
1080067,Citrobacter sp. S-77,"",1,1080067,544,,543,Bacteria,0,0,0,-100,0.0,0.0,0.0,100020.0,,,100.0,1,10.002,100.0,100.0,41.0,307.6526489,0.00118,0.0,100.0
1451265,Citrobacter sp. JT3,"",1,1451265,544,,543,Bacteria,0,0,0,-100,0.0,0.0,0.0,100020.0,,,100.0,1,10.002,100.0,100.0,39.0,307.6526489,0.00118,0.0,100.0
1686379,Citrobacter sp. MGH104,"",1,1686379,544,,543,Bacteria,0,0,0,-100,0.0,0.0,0.0,100020.0,,,100.0,1,10.002,100.0,100.0,39.0,307.6526489,0.00118,0.0,100.0
1686382,Citrobacter sp. MGH109,"",1,1686382,544,,543,Bacteria,0,0,0,-100,0.0,0.0,0.0,100020.0,,,100.0,1,10.002,100.0,100.0,42.0,307.6526489,0.00118,0.0,100.0
1686383,Citrobacter sp. MGH110,"",1,1686383,544,,543,Bacteria,0,0,0,-100,0.0,0.0,0.0,100020.0,,,100.0,1,10.002,100.0,100.0,42.0,307.6526489,0.00118,0.0,100.0
1855329,Citrobacter sp. NLAE-zl-C269,"",1,1855329,544,,543,Bacteria,0,0,0,-100,0.0,0.0,0.0,100020.0,,,100.0,1,10.002,100.0,100.0,41.0,307.6526489,0.00118,0.0,100.0
2066049,Citrobacter freundii complex sp. CFNIH2,"",1,2066049,544,,543,Bacteria,0,0,0,-100,0.0,0.0,0.0,100020.0,,,100.0,1,10.002,100.0,100.0,41.0,307.6526489,0.00118,0.0,100.0
2135606,Citrobacter sp. YR018,"",1,2135606,544,,543,Bacteria,0,0,0,-100,0.0,0.0,0.0,100020.0,,,100.0,1,10.002,100.0,100.0,41.0,307.6526489,0.00118,0.0,100.0
2364774,Citrobacter sp. MH181794,"",1,2364774,544,,543,Bacteria,0,0,0,-100,0.0,0.0,0.0,100020.0,,,100.0,1,10.002,100.0,100.0,41.0,307.6526489,0.00118,0.0,100.0
2576409,Citrobacter sp. TBCS-14,"",1,2576409,544,,543,Bacteria,0,0,0,-100,0.0,0.0,0.0,100020.0,,,100.0,1,10.002,100.0,100.0,42.0,307.6526489,0.00118,0.0,100.0
2576410,Citrobacter sp. wls831,"",1,2576410,544,,543,Bacteria,0,0,0,-100,0.0,0.0,0.0,100020.0,,,100.0,1,10.002,100.0,97.6,41.0,307.6526489,0.00118,0.0,100.0
2576412,Citrobacter sp. wls829,"",1,2576412,544,,543,Bacteria,0,0,0,-100,0.0,0.0,0.0,100020.0,,,100.0,1,10.002,100.0,100.0,41.0,307.6526489,0.00118,0.0,100.0
2576414,Citrobacter sp. wls827,"",1,2576414,544,,543,Bacteria,0,0,0,-100,0.0,0.0,0.0,100020.0,,,100.0,1,10.002,100.0,100.0,41.0,307.6526489,0.00118,0.0,100.0
2576420,Citrobacter sp. wls716,"",1,2576420,544,,543,Bacteria,0,0,0,-100,0.0,0.0,0.0,100020.0,,,100.0,1,10.002,100.0,92.5,40.0,307.6526489,0.00118,0.0,100.0
2576424,Citrobacter sp. wls712,"",1,2576424,544,,543,Bacteria,0,0,0,-100,0.0,0.0,0.0,100020.0,,,100.0,1,10.002,100.0,100.0,42.0,307.6526489,0.00118,0.0,100.0
2576434,Citrobacter sp. wls617,"",1,2576434,544,,543,Bacteria,0,0,0,-100,0.0,0.0,0.0,100020.0,,,100.0,1,10.002,100.0,100.0,33.0,307.6526489,0.00118,0.0,100.0
283,Comamonas,"",2,-100,283,,80864,Bacteria,0,10,100.028,10.4006677,99.7687,362.7,284.2832642,76944542.4,0.01185,10.7554569,99.0,777,7772.176,99.0,99.754,406.0,307.6526489,0.92051,21.2122707,99.0
1585868,Comamonas sp. M-X1C,"",1,1585868,283,,80864,Bacteria,0,0,0,-100,0.0,0.0,0.0,76944542.4,,,100.0,777,7772.176,100.0,99.754,406.0,307.6526489,0.92051,0.0,100.0
285,Comamonas testosteroni,"",1,285,283,,80864,Bacteria,0,10,100.028,12.8865857,99.7687,362.7,284.2832642,13406.662380005479,0.01185,4.685791,12.8865857,0,0,-100,0.0,0.0,0.0,,,12.8865857
286,Pseudomonas,"",2,-100,286,,135621,Bacteria,0,152,1520.425,35.8156911,99.8618,137.638,78.6757278,56862572.04735863,0.18007,73.3486099,99.0,578,5781.618,99.0,99.461,306.889,248.9582214,0.68475,62.1843796,99.0
287,Pseudomonas aeruginosa,"",1,287,286,,135621,Bacteria,0,143,1430.4,36.3758904,99.8531,138.371,78.9726105,56862572.04735863,0.16941,31.7375488,99.0,561,5611.571,99.0,99.4749,314.939,247.1796112,0.66461,35.7405891,99.0
1636610,Pseudomonas sp. PONIH3,"",1,1636610,286,,135621,Bacteria,0,6,60.016,100.0,100.0,126.0,73.9586105,313971.25170576,0.00711,0.0,100.0,1,10.002,100.0,100.0,42.0,307.6526489,0.00118,0.0,100.0
1615674,Pseudomonas lactis,"",1,1615674,286,,135621,Bacteria,0,0,0,-100,0.0,0.0,0.0,297079.2,,,100.0,3,30.008,100.0,99.2,41.0,307.6526489,0.00355,0.0,100.0
1758731,Pseudomonas sp. BIOMIG1BD,"",1,1758731,286,,135621,Bacteria,0,0,0,-100,0.0,0.0,0.0,198049.5,,,100.0,2,20.005,100.0,98.8,41.0,307.6526489,0.00237,0.0,100.0
306,Pseudomonas sp.,"",1,306,286,,135621,Bacteria,0,3,30.008,100.0,100.0,126.0,73.9586105,107475.72585288,0.00355,0.0,100.0,0,0,-100,0.0,0.0,0.0,,,100.0
556534,Pseudomonas saponiphila,"",1,556534,286,,135621,Bacteria,0,0,0,-100,0.0,0.0,0.0,99019.8,,,100.0,1,10.002,100.0,97.6,41.0,307.6526489,0.00118,0.0,100.0
1715060,Pseudomonas sp. HMSC057H01,"",1,1715060,286,,135621,Bacteria,0,0,0,-100,0.0,0.0,0.0,99019.8,,,100.0,1,10.002,100.0,100.0,41.0,307.6526489,0.00118,0.0,100.0
1881017,Pseudomonas sp. 7SR1,"",1,1881017,286,,135621,Bacteria,0,0,0,-100,0.0,0.0,0.0,99019.8,,,100.0,1,10.002,100.0,90.2,41.0,307.6526489,0.00118,0.0,100.0
294,Pseudomonas fluorescens,"",1,294,286,,135621,Bacteria,0,0,0,-100,0.0,0.0,0.0,42785.8236467145,,,10.8015305,4,40.011,10.8015305,100.0,41.5,307.6526489,0.00474,3.625514,10.8015305
317,Pseudomonas syringae,"",1,317,286,,135621,Bacteria,0,0,0,-100,0.0,0.0,0.0,16305.102614839498,,,8.2328421,2,20.005,8.2328421,100.0,41.0,307.6526489,0.00237,1.9458268,8.2328421
251701,Pseudomonas syringae group genomosp. 3,"",1,251701,286,,135621,Bacteria,0,0,0,-100,0.0,0.0,0.0,3388.8690822887997,,,3.4224156,1,10.002,3.4224156,100.0,41.0,307.6526489,0.00118,1.5582952,3.4224156
316,Pseudomonas stutzeri,"",1,316,286,,135621,Bacteria,0,0,0,-100,0.0,0.0,0.0,1696.4488019159999,,,1.713242,1,10.002,1.713242,100.0,42.0,307.6526489,0.00118,4.9251304,1.713242
6281,Onchocerca,"",2,-100,6281,,6296,Eukaryota,0,0,0,-100,0.0,0.0,0.0,34411144.383,,,99.0,351,3510.983,99.0,73.704,270.0,117.9172134,0.41583,0.2623139,99.0
42157,Onchocerca ochengi,"",1,42157,6281,,6296,Eukaryota,0,0,0,-100,0.0,0.0,0.0,34411144.383,,,99.0,351,3510.983,99.0,73.704,270.0,117.9172134,0.41583,0.2623139,99.0
629,Yersinia,"",2,-100,629,,1903411,Bacteria,0,33,330.092,100.0,98.1836,340.364,171.3552704,28107860.000000004,0.03909,0.0,100.0,281,2810.787,100.0,97.7473,142.548,138.9049988,0.3329,0.0,100.0
632,Yersinia pestis,"",1,632,629,,1903411,Bacteria,0,23,230.064,100.0,97.3939,391.826,201.7095947,28107860.000000004,0.02725,0.0,100.0,258,2580.722,100.0,97.5743,151.558,123.8615952,0.30565,0.0,100.0
630,Yersinia enterocolitica,"",1,630,629,,1903411,Bacteria,0,10,100.028,100.0,100.0,222.0,101.5403137,1500420.0,0.01185,0.0,100.0,5,50.014,100.0,99.52,41.4,307.6526489,0.00592,0.0,100.0
631,Yersinia intermedia,"",1,631,629,,1903411,Bacteria,0,0,0,-100,0.0,0.0,0.0,1300360.0,,,100.0,13,130.036,100.0,100.0,41.6923,307.6526489,0.0154,0.0,100.0
29484,Yersinia frederiksenii,"",1,29484,629,,1903411,Bacteria,0,0,0,-100,0.0,0.0,0.0,400110.0,,,100.0,4,40.011,100.0,99.4,41.0,307.6526489,0.00474,0.0,100.0
2507058,Yersinia sp. 2105 StPb PI,"",1,2507058,629,,1903411,Bacteria,0,0,0,-100,0.0,0.0,0.0,100020.0,,,100.0,1,10.002,100.0,97.6,41.0,307.6526489,0.00118,0.0,100.0
586,Providencia,"",2,-100,586,,1903414,Bacteria,0,190,1900.532,99.0,99.7755,2587.47,301.4956665,20399702.400000002,0.22509,1.2959814,99.0,21,210.058,99.0,99.0335,48.9524,178.6090546,0.02488,0.087438,99.0
587,Providencia rettgeri,"",1,587,586,,1903414,Bacteria,0,189,1890.529,100.0,99.7743,2600.5,302.699585,20399702.400000002,0.22391,0.0,100.0,17,170.047,100.0,98.9473,51.2941,148.2458649,0.02014,0.0,100.0
588,Providencia stuartii,"",1,588,586,,1903414,Bacteria,0,1,10.002,100.0,100.0,126.0,73.9586105,491167.61100000003,0.00118,0.0,100.0,4,40.011,99.0,99.4,39.0,307.6526489,0.00474,0.087438,100.0
397456,Gulbenkiania,"",2,-100,397456,,1499392,Bacteria,0,0,0,-100,0.0,0.0,0.0,19205370.0,,,100.0,192,1920.537,100.0,99.267,409.0,307.6526489,0.22746,0.0,100.0
397457,Gulbenkiania mobilis,"",1,397457,397456,,1499392,Bacteria,0,0,0,-100,0.0,0.0,0.0,19205370.0,,,100.0,192,1920.537,100.0,99.267,409.0,307.6526489,0.22746,0.0,100.0
413496,Cronobacter,"",2,-100,413496,,543,Bacteria,0,9,90.025,99.0,99.9111,126.0,73.8078766,16286645.025,0.01066,0.265949,100.0,172,1720.481,100.0,97.0185,69.3605,128.4562225,0.20377,0.0,100.0
28141,Cronobacter sakazakii,"",1,28141,413496,,543,Bacteria,0,9,90.025,99.0,99.9111,126.0,73.8078766,16286645.025,0.01066,0.265949,100.0,154,1540.431,100.0,97.1895,72.7597,107.5111923,0.18244,0.0,100.0
413497,Cronobacter dublinensis,"",1,413497,413496,,543,Bacteria,0,0,0,-100,0.0,0.0,0.0,600160.0,,,100.0,6,60.016,100.0,100.0,41.5,307.6526489,0.00711,0.0,100.0
413502,Cronobacter turicensis,"",1,413502,413496,,543,Bacteria,0,0,0,-100,0.0,0.0,0.0,600160.0,,,100.0,6,60.016,100.0,92.2167,39.1667,307.6526489,0.00711,0.0,100.0
413503,Cronobacter malonaticus,"",1,413503,413496,,543,Bacteria,0,0,0,-100,0.0,0.0,0.0,200050.0,,,100.0,2,20.005,100.0,100.0,41.5,307.6526489,0.00237,0.0,100.0
1163710,Cronobacter condimenti,"",1,1163710,413496,,543,Bacteria,0,0,0,-100,0.0,0.0,0.0,200050.0,,,100.0,2,20.005,100.0,92.5,40.0,307.6526489,0.00237,0.0,100.0
413501,Cronobacter muytjensii,"",1,413501,413496,,543,Bacteria,0,0,0,-100,0.0,0.0,0.0,100020.0,,,100.0,1,10.002,100.0,84.2,38.0,307.6526489,0.00118,0.0,100.0
535744,Cronobacter universalis,"",1,535744,413496,,543,Bacteria,0,0,0,-100,0.0,0.0,0.0,100020.0,,,100.0,1,10.002,100.0,97.5,40.0,307.6526489,0.00118,0.0,100.0
613,Serratia,"",2,-100,613,,1903411,Bacteria,0,82,820.229,99.0,98.8657,354.902,174.9552612,14854158.0,0.09714,0.7944024,99.0,109,1090.305,99.0,96.6087,105.541,180.8748627,0.12913,0.7944024,99.0
615,Serratia marcescens,"",1,615,613,,1903411,Bacteria,0,80,800.224,100.0,98.9961,361.337,178.1541443,14854158.0,0.09478,0.0,100.0,70,700.196,100.0,98.3348,126.843,174.4911499,0.08293,0.0,100.0
2591107,Serratia sp. SRS-8-S-2018,"",1,2591107,613,,1903411,Bacteria,0,0,0,-100,0.0,0.0,0.0,1485415.8,,,100.0,15,150.042,100.0,94.393,107.0,63.9430962,0.01777,0.0,100.0
82996,Serratia plymuthica,"",1,82996,613,,1903411,Bacteria,0,2,20.005,15.6453948,93.65,97.5,46.9997826,724173.7261744261,0.00237,0.6195265,100.0,7,70.019,100.0,86.0019,48.8571,187.3911133,0.00829,0.0,100.0
1656220,Serratia sp. TEL,"",1,1656220,613,,1903411,Bacteria,0,0,0,-100,0.0,0.0,0.0,396108.9,,,100.0,4,40.011,100.0,96.25,39.5,307.6526489,0.00474,0.0,100.0
47917,Serratia fonticola,"",1,47917,613,,1903411,Bacteria,0,0,0,-100,0.0,0.0,0.0,297079.2,,,100.0,3,30.008,100.0,90.2333,36.3333,307.6526489,0.00355,0.0,100.0
300181,Serratia ureilytica,"",1,300181,613,,1903411,Bacteria,0,0,0,-100,0.0,0.0,0.0,198049.5,,,100.0,2,20.005,100.0,98.8,41.5,307.6526489,0.00237,0.0,100.0
614,Serratia liquefaciens,"",1,614,613,,1903411,Bacteria,0,0,0,-100,0.0,0.0,0.0,125929.3435846974,,,31.7915966,4,40.011,31.7915966,98.175,40.25,307.6526489,0.00474,0.6195265,31.7915966
28151,Serratia proteamaculans,"",1,28151,613,,1903411,Bacteria,0,0,0,-100,0.0,0.0,0.0,112289.500270728,,,56.6976944,2,20.005,56.6976944,98.8,42.0,307.6526489,0.00237,0.1748759,56.6976944
61652,Serratia rubidaea,"",1,61652,613,,1903411,Bacteria,0,0,0,-100,0.0,0.0,0.0,99019.8,,,100.0,1,10.002,100.0,100.0,42.0,307.6526489,0.00118,0.0,100.0
1521428,Serratia vespertilionis,"",1,1521428,613,,1903411,Bacteria,0,0,0,-100,0.0,0.0,0.0,99019.8,,,100.0,1,10.002,100.0,85.4,41.0,307.6526489,0.00118,0.0,100.0
2055876,Metakosakonia,"",2,-100,2055876,,543,Bacteria,0,133,1330.372,100.0,99.8805,418.256,235.3715515,13303720.0,0.15756,0.0,100.0,0,0,-100,0.0,0.0,0.0,,,100.0
2487150,Metakosakonia sp. MRY16-398,"",1,2487150,2055876,,543,Bacteria,0,133,1330.372,100.0,99.8805,418.256,235.3715515,13303720.0,0.15756,0.0,100.0,0,0,-100,0.0,0.0,0.0,,,100.0
642,Aeromonas,"",2,-100,642,,84642,Bacteria,0,214,2140.599,99.0,99.8178,662.28,230.2870941,11159117.700000001,0.25352,0.265949,100.0,209,2090.585,100.0,99.4246,366.885,231.5283813,0.2476,0.0,100.0
1636608,Aeromonas sp. ASNIH3,"",1,1636608,642,,84642,Bacteria,0,44,440.123,100.0,99.743,1558.0,307.6526489,11159117.700000001,0.05213,0.0,100.0,68,680.19,100.0,99.874,791.0,307.6526489,0.08056,0.0,100.0
1636607,Aeromonas sp. ASNIH2,"",1,1636607,642,,84642,Bacteria,0,59,590.165,100.0,99.9166,443.322,202.3042603,5842633.5,0.0699,0.0,100.0,0,0,-100,0.0,0.0,0.0,,,100.0
644,Aeromonas hydrophila,"",1,644,642,,84642,Bacteria,0,46,460.128,99.0,99.9132,564.522,235.1993408,5509994.528,0.0545,0.265949,100.0,10,100.028,100.0,98.991,99.5,69.4291992,0.01185,0.0,100.0
648,Aeromonas caviae,"",1,648,642,,84642,Bacteria,0,7,70.019,100.0,100.0,402.857,274.2677917,4694308.1,0.00829,0.0,100.0,40,400.112,100.0,99.2857,151.55,264.2716675,0.04739,0.0,100.0
651,Aeromonas media,"",1,651,642,,84642,Bacteria,0,4,40.011,100.0,99.8,111.0,63.4013634,4397228.9,0.00474,0.0,100.0,40,400.112,100.0,99.3544,209.85,142.3307343,0.04739,0.0,100.0
1920107,Aeromonas sp. ASNIH7,"",1,1920107,642,,84642,Bacteria,0,36,360.1,100.0,99.9297,347.25,213.3961029,3564990.0,0.04265,0.0,100.0,0,0,-100,0.0,0.0,0.0,,,100.0
645,Aeromonas salmonicida,"",1,645,642,,84642,Bacteria,0,0,0,-100,0.0,0.0,0.0,2900810.0,,,100.0,29,290.081,100.0,98.9663,202.207,280.0557556,0.03436,0.0,100.0
1636606,Aeromonas sp. ASNIH1,"",1,1636606,642,,84642,Bacteria,0,12,120.033,100.0,99.043,288.583,184.5335236,1188326.7,0.01422,0.0,100.0,0,0,-100,0.0,0.0,0.0,,,100.0
654,Aeromonas veronii,"",1,654,642,,84642,Bacteria,0,0,0,-100,0.0,0.0,0.0,1100300.0,,,100.0,11,110.03,100.0,99.2985,85.6364,134.460556,0.01303,0.0,100.0
656,Aeromonas allosaccharophila,"",1,656,642,,84642,Bacteria,0,0,0,-100,0.0,0.0,0.0,700190.0,,,100.0,7,70.019,100.0,99.3554,70.8571,37.970768,0.00829,0.0,100.0
1636609,Aeromonas sp. ASNIH4,"",1,1636609,642,,84642,Bacteria,0,6,60.016,100.0,99.342,304.0,153.2433624,594158.4,0.00711,0.0,100.0,0,0,-100,0.0,0.0,0.0,,,100.0
648794,Aeromonas rivuli,"",1,648794,642,,84642,Bacteria,0,0,0,-100,0.0,0.0,0.0,200050.0,,,100.0,2,20.005,100.0,100.0,29.0,14.440093,0.00237,0.0,100.0
1758179,Aeromonas sp. ASNIH5,"",1,1758179,642,,84642,Bacteria,0,0,0,-100,0.0,0.0,0.0,100020.0,,,100.0,1,10.002,100.0,97.6,42.0,307.6526489,0.00118,0.0,100.0
1921564,Aeromonas sp. YN13HZO-058,"",1,1921564,642,,84642,Bacteria,0,0,0,-100,0.0,0.0,0.0,100020.0,,,100.0,1,10.002,100.0,97.4,38.0,307.6526489,0.00118,0.0,100.0
469,Acinetobacter,"",2,-100,469,,468,Bacteria,0,112,1120.313,99.0,99.9843,730.241,272.1812439,10813798.127187448,0.13269,12.0553589,99.0,109,1090.305,5.3997466,98.989,101.734,198.5703583,0.12913,142.3126526,99.0
470,Acinetobacter baumannii,"",1,470,469,,468,Bacteria,0,110,1100.308,99.0,99.984,741.227,275.7852783,10813798.127187448,0.13032,0.3497519,99.0,105,1050.294,5.2332458,99.0594,104.152,199.9570618,0.12439,135.7409363,99.0
48296,Acinetobacter pittii,"",1,48296,469,,468,Bacteria,0,2,20.005,18.3053007,100.0,126.0,73.9586105,36253.556509846494,0.00237,0.5318979,18.3053007,0,0,-100,0.0,0.0,0.0,,,18.3053007
471,Acinetobacter calcoaceticus,"",1,471,469,,468,Bacteria,0,0,0,-100,0.0,0.0,0.0,10802.1930733,,,100.0,2,20.005,100.0,100.0,41.5,307.6526489,0.00237,0.0,100.0
106654,Acinetobacter nosocomialis,"",1,106654,469,,468,Bacteria,0,0,0,-100,0.0,0.0,0.0,10802.1930733,,,100.0,2,20.005,100.0,94.286,35.0,16.6861324,0.00237,0.0,100.0
662,Vibrio,"",2,-100,662,,641,Bacteria,0,0,0,-100,0.0,0.0,0.0,10001791.8,,,99.0,137,1370.383,99.0,98.3364,116.168,127.942627,0.1623,0.8852848,99.0
666,Vibrio cholerae,"",1,666,662,,641,Bacteria,0,0,0,-100,0.0,0.0,0.0,10001791.8,,,100.0,101,1010.282,100.0,98.8317,121.01,140.5553741,0.11965,0.0,100.0
674,Vibrio mimicus,"",1,674,662,,641,Bacteria,0,0,0,-100,0.0,0.0,0.0,2277633.6,,,100.0,23,230.064,100.0,97.2467,112.174,75.7417679,0.02725,0.0,100.0
2204199,Vibrio sp. 2014V-1107,"",1,2204199,662,,641,Bacteria,0,0,0,-100,0.0,0.0,0.0,693188.1000000001,,,100.0,7,70.019,100.0,94.531,128.0,87.3957748,0.00829,0.0,100.0
2200953,Vibrio sp. E4404,"",1,2200953,662,,641,Bacteria,0,0,0,-100,0.0,0.0,0.0,396108.9,,,100.0,4,40.011,100.0,99.275,36.25,90.7274704,0.00474,0.0,100.0
663,Vibrio alginolyticus,"",1,663,662,,641,Bacteria,0,0,0,-100,0.0,0.0,0.0,99019.8,,,100.0,1,10.002,100.0,94.6,37.0,307.6526489,0.00118,0.0,100.0
1528103,Vibrio sp. ES.045,"",1,1528103,662,,641,Bacteria,0,0,0,-100,0.0,0.0,0.0,99019.8,,,100.0,1,10.002,100.0,100.0,35.0,307.6526489,0.00118,0.0,100.0
160674,Raoultella,"",2,-100,160674,,543,Bacteria,0,50,500.14,100.0,98.8724,218.76,120.6510315,8102260.0,0.05923,0.0,100.0,140,1400.392,100.0,96.3148,55.1,240.2681427,0.16586,0.0,100.0
54291,Raoultella ornithinolytica,"",1,54291,160674,,543,Bacteria,0,15,150.042,100.0,99.0606,185.2,96.6692505,8102260.0,0.01777,0.0,100.0,66,660.184,100.0,96.5934,56.3333,200.9718933,0.07819,0.0,100.0
575,Raoultella planticola,"",1,575,160674,,543,Bacteria,0,20,200.056,100.0,97.9711,258.5,150.3705902,6001680.0,0.02369,0.0,100.0,40,400.112,100.0,98.1925,58.25,278.1844482,0.04739,0.0,100.0
577,Raoultella terrigena,"",1,577,160674,,543,Bacteria,0,0,0,-100,0.0,0.0,0.0,3000840.0,,,100.0,30,300.084,100.0,93.637,50.5667,267.1802368,0.03554,0.0,100.0
1259973,Raoultella electrica,"",1,1259973,160674,,543,Bacteria,0,15,150.042,100.0,99.886,199.333,105.0067291,1600440.0,0.01777,0.0,100.0,1,10.002,100.0,90.0,30.0,307.6526489,0.00118,0.0,100.0
2485119,Raoultella sp. BIGb0399,"",1,2485119,160674,,543,Bacteria,0,0,0,-100,0.0,0.0,0.0,200050.0,,,100.0,2,20.005,100.0,91.05,39.0,307.6526489,0.00237,0.0,100.0
2485115,Raoultella sp. BIGb0138,"",1,2485115,160674,,543,Bacteria,0,0,0,-100,0.0,0.0,0.0,100020.0,,,100.0,1,10.002,100.0,100.0,41.0,307.6526489,0.00118,0.0,100.0
-200010699,non-genus-specific reads in family Siphoviridae,,2,-100,-200010699,,10699,Viruses,1,31,310.086,100.0,99.9315,489.226,204.8880463,5468520.8,0.03673,0.0,100.0,35,350.098,99.0,99.3886,98.8857,82.055687,0.04146,0.8854755,100.0
1955242,Klebsiella phage 48ST307,"",1,1955242,-200010699,,10699,Viruses,1,22,220.061,100.0,99.9035,578.091,231.678772,5468520.8,0.02606,0.0,100.0,33,330.092,100.0,100.0,102.364,68.3831406,0.03909,0.0,100.0
2555680,Klebsiella phage 020009,"",1,2555680,-200010699,,10699,Viruses,1,9,90.025,100.0,100.0,272.0,139.3996277,900250.0,0.01066,0.0,100.0,0,0,-100,0.0,0.0,0.0,,,100.0
255431,Klebsiella phage phiKO2,"",1,255431,-200010699,,10699,Viruses,1,0,0,-100,0.0,0.0,0.0,99019.8,,,100.0,1,10.002,100.0,100.0,41.0,307.6526489,0.00118,0.0,100.0
984186,Cronobacter phage ENT47670,"",1,984186,-200010699,,10699,Viruses,1,0,0,-100,0.0,0.0,0.0,99019.8,,,100.0,1,10.002,100.0,78.6,42.0,307.6526489,0.00118,0.0,100.0
83654,Leclercia,"",2,-100,83654,,543,Bacteria,0,64,640.179,100.0,98.4608,328.547,176.3204041,5101420.0,0.07582,0.0,100.0,18,180.05,100.0,97.6222,37.4444,307.6526489,0.02132,0.0,100.0
1920116,Leclercia sp. LSNIH3,"",1,1920116,83654,,543,Bacteria,0,51,510.142,100.0,98.2783,380.49,202.9485931,5101420.0,0.06042,0.0,100.0,0,0,-100,0.0,0.0,0.0,,,100.0
83655,Leclercia adecarboxylata,"",1,83655,83654,,543,Bacteria,0,4,40.011,100.0,97.525,122.0,67.4641266,2100580.0,0.00474,0.0,100.0,17,170.047,100.0,98.3412,37.2353,307.6526489,0.02014,0.0,100.0
1920114,Leclercia sp. LSNIH1,"",1,1920114,83654,,543,Bacteria,0,9,90.025,100.0,99.9111,126.0,73.8078766,1000270.0,0.01066,0.0,100.0,1,10.002,100.0,85.4,41.0,307.6526489,0.00118,0.0,100.0
1330545,Lelliottia,"",2,-100,1330545,,543,Bacteria,0,38,380.106,100.0,99.8958,715.474,295.3529663,3801050.0,0.04502,0.0,100.0,14,140.039,100.0,88.4726,39.1429,263.5976563,0.01659,0.0,100.0
1907578,Lelliottia jeotgali,"",1,1907578,1330545,,543,Bacteria,0,36,360.1,100.0,99.89,748.222,307.6526489,3801050.0,0.04265,0.0,100.0,2,20.005,100.0,92.85,42.0,307.6526489,0.00237,0.0,100.0
61646,Lelliottia amnigena,"",1,61646,1330545,,543,Bacteria,0,2,20.005,100.0,100.0,126.0,73.9586105,1400380.0,0.00237,0.0,100.0,12,120.033,100.0,87.743,38.6667,256.2551575,0.01422,0.0,100.0
4107,Solanum,"",2,-100,4107,,4070,Eukaryota,0,0,0,-100,0.0,0.0,0.0,2703049.0296859024,,,28.4016627,335,3350.938,28.4016627,99.51,408.0,307.6526489,0.39687,57.9713707,28.4016627
4081,Solanum lycopersicum,tomato,1,4081,4107,,4070,Eukaryota,0,0,0,-100,0.0,0.0,0.0,2703049.0296859024,,,28.4016627,335,3350.938,28.4016627,99.51,408.0,307.6526489,0.39687,57.9713707,28.4016627
626,Xenorhabdus,"",2,-100,626,,1903414,Bacteria,0,0,0,-100,0.0,0.0,0.0,2700750.0,,,100.0,42,420.117,100.0,96.6573,278.262,280.7459106,0.04976,0.0,100.0
628,Xenorhabdus nematophila,"",1,628,626,,1903414,Bacteria,0,0,0,-100,0.0,0.0,0.0,2700750.0,,,100.0,27,270.075,100.0,96.341,410.0,307.6526489,0.03199,0.0,100.0
351673,Xenorhabdus cabanillasii,"",1,351673,626,,1903414,Bacteria,0,0,0,-100,0.0,0.0,0.0,1100300.0,,,100.0,11,110.03,100.0,99.4455,41.5455,204.9178467,0.01303,0.0,100.0
40576,Xenorhabdus bovienii,"",1,40576,626,,1903414,Bacteria,0,0,0,-100,0.0,0.0,0.0,200050.0,,,100.0,2,20.005,100.0,100.0,41.0,307.6526489,0.00237,0.0,100.0
351676,Xenorhabdus kozodoii,"",1,351676,626,,1903414,Bacteria,0,0,0,-100,0.0,0.0,0.0,200050.0,,,100.0,2,20.005,100.0,82.25,39.0,307.6526489,0.00237,0.0,100.0
568,Hafnia,"",2,-100,568,,1903412,Bacteria,0,0,0,-100,0.0,0.0,0.0,2100580.0,,,100.0,26,260.072,100.0,95.7967,124.0,194.4766083,0.0308,0.0,100.0
569,Hafnia alvei,"",1,569,568,,1903412,Bacteria,0,0,0,-100,0.0,0.0,0.0,2100580.0,,,100.0,21,210.058,100.0,94.796,143.762,167.5299225,0.02488,0.0,100.0
546367,Hafnia paralvei,"",1,546367,568,,1903412,Bacteria,0,0,0,-100,0.0,0.0,0.0,500140.0,,,100.0,5,50.014,100.0,100.0,41.0,307.6526489,0.00592,0.0,100.0
579,Kluyvera,"",2,-100,579,,543,Bacteria,0,0,0,-100,0.0,0.0,0.0,1900530.0,,,100.0,38,380.106,100.0,97.8395,47.5,222.072525,0.04502,0.0,100.0
580,Kluyvera cryocrescens,"",1,580,579,,543,Bacteria,0,0,0,-100,0.0,0.0,0.0,1900530.0,,,100.0,19,190.053,100.0,97.4684,55.5263,136.4923859,0.02251,0.0,100.0
73098,Kluyvera georgiana,"",1,73098,579,,543,Bacteria,0,0,0,-100,0.0,0.0,0.0,1100300.0,,,100.0,11,110.03,100.0,98.6273,39.0909,307.6526489,0.01303,0.0,100.0
51288,Kluyvera ascorbata,"",1,51288,579,,543,Bacteria,0,0,0,-100,0.0,0.0,0.0,700190.0,,,100.0,7,70.019,100.0,98.1143,40.7143,307.6526489,0.00829,0.0,100.0
61648,Kluyvera intermedia,"",1,61648,579,,543,Bacteria,0,0,0,-100,0.0,0.0,0.0,100020.0,,,100.0,1,10.002,100.0,94.3,35.0,307.6526489,0.00118,0.0,100.0
22,Shewanella,"",2,-100,22,,267890,Bacteria,0,0,0,-100,0.0,0.0,0.0,1900530.0,,,100.0,67,670.187,100.0,98.7253,73.1493,82.3233719,0.07937,0.0,100.0
24,Shewanella putrefaciens,"",1,24,22,,267890,Bacteria,0,0,0,-100,0.0,0.0,0.0,1900530.0,,,100.0,19,190.053,100.0,96.2391,66.0526,31.9994831,0.02251,0.0,100.0
2589790,Shewanella sp. LC6,"",1,2589790,22,,267890,Bacteria,0,0,0,-100,0.0,0.0,0.0,900250.0,,,100.0,9,90.025,100.0,100.0,66.0,40.0560112,0.01066,0.0,100.0
332186,Shewanella xiamenensis,"",1,332186,22,,267890,Bacteria,0,0,0,-100,0.0,0.0,0.0,800220.0,,,100.0,8,80.022,100.0,100.0,48.375,65.8916016,0.00948,0.0,100.0
2029986,Shewanella sp. WE21,"",1,2029986,22,,267890,Bacteria,0,0,0,-100,0.0,0.0,0.0,800220.0,,,100.0,8,80.022,100.0,98.919,185.0,128.602066,0.00948,0.0,100.0
62322,Shewanella baltica,"",1,62322,22,,267890,Bacteria,0,0,0,-100,0.0,0.0,0.0,700190.0,,,100.0,7,70.019,100.0,100.0,79.4286,132.7000275,0.00829,0.0,100.0
2590015,Shewanella sp. SNU WT4,"",1,2590015,22,,267890,Bacteria,0,0,0,-100,0.0,0.0,0.0,700190.0,,,100.0,7,70.019,100.0,100.0,41.0,21.7121983,0.00829,0.0,100.0
38313,Shewanella algae,"",1,38313,22,,267890,Bacteria,0,0,0,-100,0.0,0.0,0.0,300080.0,,,100.0,3,30.008,100.0,100.0,37.3333,307.6526489,0.00355,0.0,100.0
2059264,Shewanella sp. Pdp11,"",1,2059264,22,,267890,Bacteria,0,0,0,-100,0.0,0.0,0.0,300080.0,,,100.0,3,30.008,100.0,100.0,38.0,21.4736614,0.00355,0.0,100.0
43661,Shewanella benthica,"",1,43661,22,,267890,Bacteria,0,0,0,-100,0.0,0.0,0.0,100020.0,,,100.0,1,10.002,100.0,97.6,41.0,307.6526489,0.00118,0.0,100.0
70863,Shewanella oneidensis,"",1,70863,22,,267890,Bacteria,0,0,0,-100,0.0,0.0,0.0,100020.0,,,100.0,1,10.002,100.0,100.0,41.0,307.6526489,0.00118,0.0,100.0
558541,Shewanella chilikensis,"",1,558541,22,,267890,Bacteria,0,0,0,-100,0.0,0.0,0.0,100020.0,,,100.0,1,10.002,100.0,97.1,34.0,307.6526489,0.00118,0.0,100.0
360239,Tepidicella,"",2,-100,360239,,-300,Bacteria,0,0,0,-100,0.0,0.0,0.0,1800500.0,,,100.0,18,180.05,100.0,99.5683,174.167,126.1400299,0.02132,0.0,100.0
360241,Tepidicella xavieri,"",1,360241,360239,,-300,Bacteria,0,0,0,-100,0.0,0.0,0.0,1800500.0,,,100.0,18,180.05,100.0,99.5683,174.167,126.1400299,0.02132,0.0,100.0
583,Proteus,"",2,-100,583,,1903414,Bacteria,0,0,0,-100,0.0,0.0,0.0,1600440.0,,,100.0,16,160.044,100.0,99.7,42.5,255.6351929,0.01896,0.0,100.0
584,Proteus mirabilis,"",1,584,583,,1903414,Bacteria,0,0,0,-100,0.0,0.0,0.0,1600440.0,,,100.0,16,160.044,100.0,99.7,42.5,255.6351929,0.01896,0.0,100.0
1330547,Kosakonia,"",2,-100,1330547,,543,Bacteria,0,2,20.005,28.0988472,100.0,126.0,73.9586105,1400389.9999999998,0.00237,0.3497519,100.0,23,230.064,100.0,96.0435,56.087,169.0630035,0.02725,0.0,100.0
208223,Kosakonia cowanii,"",1,208223,1330547,,543,Bacteria,0,0,0,-100,0.0,0.0,0.0,1400389.9999999998,,,100.0,14,140.039,100.0,95.6429,66.6429,79.9696579,0.01659,0.0,100.0
283686,Kosakonia radicincitans,"",1,283686,1330547,,543,Bacteria,0,2,20.005,56.6976944,100.0,126.0,73.9586105,532010.7627300156,0.00237,0.1748759,100.0,5,50.014,100.0,96.58,40.8,307.6526489,0.00592,0.0,100.0
1158459,Kosakonia sacchari,"",1,1158459,1330547,,543,Bacteria,0,0,0,-100,0.0,0.0,0.0,200050.0,,,100.0,2,20.005,100.0,93.55,37.0,307.6526489,0.00237,0.0,100.0
1005665,Kosakonia oryzendophytica,"",1,1005665,1330547,,543,Bacteria,0,0,0,-100,0.0,0.0,0.0,100020.0,,,100.0,1,10.002,100.0,100.0,38.0,307.6526489,0.00118,0.0,100.0
2054598,Kosakonia sp. H7A,"",1,2054598,1330547,,543,Bacteria,0,0,0,-100,0.0,0.0,0.0,100020.0,,,100.0,1,10.002,100.0,100.0,41.0,307.6526489,0.00118,0.0,100.0
635,Edwardsiella,"",2,-100,635,,1903412,Bacteria,0,0,0,-100,0.0,0.0,0.0,1287356.4,,,99.0,13,130.036,99.0,86.0566,57.7692,94.8497162,0.0154,0.087438,99.0
636,Edwardsiella tarda,"",1,636,635,,1903412,Bacteria,0,0,0,-100,0.0,0.0,0.0,1287356.4,,,100.0,13,130.036,100.0,86.0566,57.7692,94.8497162,0.0154,0.0,100.0
1822464,Paraburkholderia,"",2,-100,1822464,,119060,Bacteria,0,18,180.05,71.102193,99.9556,739.278,268.5912781,1280194.984965,0.02132,1.7669346,71.102193,0,0,-100,0.0,0.0,0.0,,,71.102193
36873,Paraburkholderia xenovorans,"",1,36873,1822464,,119060,Bacteria,0,18,180.05,100.0,99.9556,739.278,268.5912781,1280194.984965,0.02132,0.0,100.0,0,0,-100,0.0,0.0,0.0,,,100.0
122277,Pectobacterium,"",2,-100,122277,,1903410,Bacteria,0,0,0,-100,0.0,0.0,0.0,1200330.0,,,100.0,13,130.036,100.0,97.8462,41.3077,307.6526489,0.0154,0.0,100.0
554,Pectobacterium carotovorum,"",1,554,122277,,1903410,Bacteria,0,0,0,-100,0.0,0.0,0.0,1200330.0,,,100.0,12,120.033,100.0,97.6667,41.3333,307.6526489,0.01422,0.0,100.0
1905730,Pectobacterium parmentieri,"",1,1905730,122277,,1903410,Bacteria,0,0,0,-100,0.0,0.0,0.0,100020.0,,,100.0,1,10.002,100.0,100.0,41.0,307.6526489,0.00118,0.0,100.0
89725,Thelohanellus,"",2,-100,89725,,35587,Eukaryota,0,0,0,-100,0.0,0.0,0.0,900250.0,,,100.0,9,90.025,100.0,96.0853,53.8889,96.5283813,0.01066,0.0,100.0
669202,Thelohanellus kitauei,"",1,669202,89725,,35587,Eukaryota,0,0,0,-100,0.0,0.0,0.0,900250.0,,,100.0,9,90.025,100.0,96.0853,53.8889,96.5283813,0.01066,0.0,100.0
338,Xanthomonas,"",2,-100,338,,32033,Bacteria,0,0,0,-100,0.0,0.0,0.0,851311.1115543,,,77.3708181,11,110.03,77.3708181,97.5527,138.818,117.230629,0.01303,2.0294392,77.3708181
456327,Xanthomonas euvesicatoria,"",1,456327,338,,32033,Bacteria,0,0,0,-100,0.0,0.0,0.0,851311.1115543,,,100.0,11,110.03,100.0,97.5527,138.818,117.230629,0.01303,0.0,100.0
2560188,Nickievirus,"",2,-100,2560188,,10699,Viruses,1,0,0,-100,0.0,0.0,0.0,800220.0,,,100.0,8,80.022,100.0,99.3,40.5,92.1873093,0.00948,0.0,100.0
2510466,Klebsiella phage ST13-OXA48phi12.3,"",1,2510466,2560188,,10699,Viruses,1,0,0,-100,0.0,0.0,0.0,800220.0,,,100.0,8,80.022,100.0,99.3,40.5,92.1873093,0.00948,0.0,100.0
-200,all taxa with neither family nor genus classification,,2,-100,-200,,-300,Uncategorized,0,27,270.075,-0.2983597,99.7283,340.333,170.8638763,733781.61171118,0.03199,432.5099182,11.0922015,144,1440.403,11.0922015,99.2067,96.7778,159.1932373,0.1706,194.9315338,11.0922015
1448270,uncultured bacterium pAB2,"",1,1448270,-200,,-300,Bacteria,0,5,50.014,100.0,99.52,126.0,73.1446762,733781.61171118,0.00592,0.0,100.0,66,660.184,100.0,99.6038,108.576,125.1801224,0.07819,0.0,100.0
77133,uncultured bacterium,"",1,77133,-200,,-300,Bacteria,0,22,220.061,-0.1121805,99.7757,389.045,193.0727844,648069.3152539522,0.02606,254.0790253,99.0,59,590.165,99.0,98.7528,83.9661,184.3495941,0.0699,3.4699776,99.0
1003194,Plasmid pMCBF1,"",1,1003194,-200,,-300,Uncategorized,0,0,0,-100,0.0,0.0,0.0,122047.49310449998,,,100.0,11,110.03,100.0,100.0,135.182,120.3720398,0.01303,0.0,100.0
1393548,uncultured bacterium Contig276,"",1,1393548,-200,,-300,Bacteria,0,0,0,-100,0.0,0.0,0.0,22189.949100749996,,,100.0,2,20.005,100.0,97.6,41.5,307.6526489,0.00237,0.0,100.0
723596,uncultured verrucomicrobium HF0130_25O04,"",1,723596,-200,,-300,Bacteria,0,0,0,-100,0.0,0.0,0.0,11094.4199403,,,100.0,1,10.002,100.0,100.0,40.0,307.6526489,0.00118,0.0,100.0
1256572,uncultured bacterium A1Q1_fos_324,"",1,1256572,-200,,-300,Bacteria,0,0,0,-100,0.0,0.0,0.0,11094.4199403,,,100.0,1,10.002,100.0,100.0,41.0,307.6526489,0.00118,0.0,100.0
1393593,uncultured bacterium Contig593,"",1,1393593,-200,,-300,Bacteria,0,0,0,-100,0.0,0.0,0.0,11094.4199403,,,100.0,1,10.002,100.0,97.6,41.0,307.6526489,0.00118,0.0,100.0
1734407,Sphingomonadales bacterium BRH_c42,"",1,1734407,-200,,-300,Bacteria,0,0,0,-100,0.0,0.0,0.0,11094.4199403,,,100.0,1,10.002,100.0,100.0,42.0,307.6526489,0.00118,0.0,100.0
2015566,Burkholderiales bacterium PBB4,"",1,2015566,-200,,-300,Bacteria,0,0,0,-100,0.0,0.0,0.0,11094.4199403,,,100.0,1,10.002,100.0,95.1,41.0,307.6526489,0.00118,0.0,100.0
1909294,Rhizobiales bacterium,"",1,1909294,-200,,-300,Bacteria,0,0,0,-100,0.0,0.0,0.0,13.576862968461766,,,0.1223756,1,10.002,0.1223756,97.6,41.0,307.6526489,0.00118,8.1256399,0.1223756
238749,Diaphorobacter,"",2,-100,238749,,80864,Bacteria,0,0,0,-100,0.0,0.0,0.0,700190.0,,,100.0,7,70.019,100.0,84.746,59.0,27.3288269,0.00829,0.0,100.0
1302548,Diaphorobacter sp. DS2,"",1,1302548,238749,,80864,Bacteria,0,0,0,-100,0.0,0.0,0.0,700190.0,,,100.0,7,70.019,100.0,84.746,59.0,27.3288269,0.00829,0.0,100.0
-200000543,non-genus-specific reads in family Enterobacteriaceae,,2,-100,-200000543,,543,Bacteria,0,9,90.025,100.0,100.0,124.667,73.0523529,700190.0,0.01066,0.0,100.0,12,120.033,100.0,97.1465,51.25,219.2563629,0.01422,0.0,100.0
2066051,Enterobacteriaceae bacterium ENNIH1,"",1,2066051,-200000543,,543,Bacteria,0,7,70.019,100.0,100.0,124.429,72.8885956,700190.0,0.00829,0.0,100.0,0,0,-100,0.0,0.0,0.0,,,100.0
1384589,[Erwinia] teleogrylli,"",1,1384589,-200000543,,543,Bacteria,0,0,0,-100,0.0,0.0,0.0,400110.0,,,100.0,4,40.011,100.0,98.775,56.5,176.2501831,0.00474,0.0,100.0
1849603,Enterobacteriaceae bacterium,"",1,1849603,-200000543,,543,Bacteria,0,0,0,-100,0.0,0.0,0.0,400110.0,,,100.0,4,40.011,100.0,100.0,41.5,307.6526489,0.00474,0.0,100.0
693444,Enterobacteriaceae bacterium strain FGI 57,"",1,693444,-200000543,,543,Bacteria,0,0,0,-100,0.0,0.0,0.0,200050.0,,,100.0,2,20.005,100.0,91.429,70.0,40.0798759,0.00237,0.0,100.0
1224136,Enterobacteriaceae bacterium LSJC7,"",1,1224136,-200000543,,543,Bacteria,0,0,0,-100,0.0,0.0,0.0,100020.0,,,100.0,1,10.002,100.0,90.2,41.0,307.6526489,0.00118,0.0,100.0
1593232,Enterobacteriaceae bacterium ATCC 29904,"",1,1593232,-200000543,,543,Bacteria,0,0,0,-100,0.0,0.0,0.0,100020.0,,,100.0,1,10.002,100.0,97.6,42.0,307.6526489,0.00118,0.0,100.0
1920109,Enterobacteriaceae bacterium ENNIH2,"",1,1920109,-200000543,,543,Bacteria,0,1,10.002,100.0,100.0,126.0,73.9586105,100020.0,0.00118,0.0,100.0,0,0,-100,0.0,0.0,0.0,,,100.0
1920128,Enterobacteriaceae bacterium ENNIH3,"",1,1920128,-200000543,,543,Bacteria,0,1,10.002,100.0,100.0,125.0,73.2924271,100020.0,0.00118,0.0,100.0,0,0,-100,0.0,0.0,0.0,,,100.0
1330546,Pluralibacter,"",2,-100,1330546,,543,Bacteria,0,0,0,-100,0.0,0.0,0.0,600160.0,,,100.0,11,110.03,100.0,94.2545,37.6364,307.6526489,0.01303,0.0,100.0
61647,Pluralibacter gergoviae,"",1,61647,1330546,,543,Bacteria,0,0,0,-100,0.0,0.0,0.0,600160.0,,,100.0,6,60.016,100.0,96.8833,40.3333,307.6526489,0.00711,0.0,100.0
1334193,[Enterobacter] lignolyticus,"",1,1334193,1330546,,543,Bacteria,0,0,0,-100,0.0,0.0,0.0,500140.0,,,100.0,5,50.014,100.0,91.1,34.4,307.6526489,0.00592,0.0,100.0
158483,Cedecea,"",2,-100,158483,,543,Bacteria,0,0,0,-100,0.0,0.0,0.0,600160.0,,,100.0,9,90.025,100.0,90.4853,75.7778,138.2262878,0.01066,0.0,100.0
158822,Cedecea neteri,"",1,158822,158483,,543,Bacteria,0,0,0,-100,0.0,0.0,0.0,600160.0,,,100.0,6,60.016,100.0,98.536,82.5,150.0854797,0.00711,0.0,100.0
158484,Cedecea davisae,"",1,158484,158483,,543,Bacteria,0,0,0,-100,0.0,0.0,0.0,200050.0,,,100.0,2,20.005,100.0,75.676,74.0,17.9355412,0.00237,0.0,100.0
158823,Cedecea lapagei,"",1,158823,158483,,543,Bacteria,0,0,0,-100,0.0,0.0,0.0,100020.0,,,100.0,1,10.002,100.0,71.8,39.0,307.6526489,0.00118,0.0,100.0
713,Actinobacillus,"",2,-100,713,,712,Bacteria,0,0,0,-100,0.0,0.0,0.0,594158.4,,,99.0,9,90.025,99.0,100.0,65.0,158.7445068,0.01066,0.2623139,99.0
716,Actinobacillus suis,"",1,716,713,,712,Bacteria,0,0,0,-100,0.0,0.0,0.0,594158.4,,,100.0,6,60.016,100.0,100.0,77.0,84.2904282,0.00711,0.0,100.0
715,Actinobacillus pleuropneumoniae,"",1,715,713,,712,Bacteria,0,0,0,-100,0.0,0.0,0.0,168439.8833534736,,,56.6986458,3,30.008,56.6986458,100.0,41.0,307.6526489,0.00355,0.2623139,56.6986458
158876,Yokenella,"",2,-100,158876,,543,Bacteria,0,0,0,-100,0.0,0.0,0.0,500140.0,,,100.0,5,50.014,100.0,100.0,41.4,307.6526489,0.00592,0.0,100.0
158877,Yokenella regensburgei,"",1,158877,158876,,543,Bacteria,0,0,0,-100,0.0,0.0,0.0,500140.0,,,100.0,5,50.014,100.0,100.0,41.4,307.6526489,0.00592,0.0,100.0
551,Erwinia,"",2,-100,551,,1903409,Bacteria,0,0,0,-100,0.0,0.0,0.0,400110.0,,,100.0,6,60.016,100.0,92.1375,54.3333,170.644516,0.00711,0.0,100.0
2022746,Erwinia sp. 198,"",1,2022746,551,,1903409,Bacteria,0,0,0,-100,0.0,0.0,0.0,400110.0,,,100.0,4,40.011,100.0,88.2063,60.5,102.1404572,0.00474,0.0,100.0
552,Erwinia amylovora,"",1,552,551,,1903409,Bacteria,0,0,0,-100,0.0,0.0,0.0,100020.0,,,100.0,1,10.002,100.0,100.0,42.0,307.6526489,0.00118,0.0,100.0
55212,Erwinia rhapontici,"",1,55212,551,,1903409,Bacteria,0,0,0,-100,0.0,0.0,0.0,100020.0,,,100.0,1,10.002,100.0,100.0,42.0,307.6526489,0.00118,0.0,100.0
745,Pasteurella,"",2,-100,745,,712,Bacteria,0,2,20.005,100.0,100.0,126.0,73.9586105,400100.0,0.00237,0.0,100.0,2,20.005,100.0,98.8,42.0,307.6526489,0.00237,0.0,100.0
747,Pasteurella multocida,"",1,747,745,,712,Bacteria,0,2,20.005,100.0,100.0,126.0,73.9586105,400100.0,0.00237,0.0,100.0,2,20.005,100.0,98.8,42.0,307.6526489,0.00237,0.0,100.0
29487,Photorhabdus,"",2,-100,29487,,1903414,Bacteria,0,0,0,-100,0.0,0.0,0.0,300080.0,,,100.0,5,50.014,100.0,100.0,67.0,159.1619415,0.00592,0.0,100.0
286156,Photorhabdus australis,"",1,286156,29487,,1903414,Bacteria,0,0,0,-100,0.0,0.0,0.0,300080.0,,,100.0,3,30.008,100.0,100.0,93.0,60.168129,0.00355,0.0,100.0
574560,Photorhabdus temperata,"",1,574560,29487,,1903414,Bacteria,0,0,0,-100,0.0,0.0,0.0,200050.0,,,100.0,2,20.005,100.0,100.0,28.0,307.6526489,0.00237,0.0,100.0
10242,Orthopoxvirus,"",2,-100,10242,,10240,Viruses,0,0,0,-100,0.0,0.0,0.0,300080.0,,,100.0,3,30.008,100.0,98.649,74.0,49.6252518,0.00355,0.0,100.0
10245,Vaccinia virus,"",1,10245,10242,,10240,Viruses,0,0,0,-100,0.0,0.0,0.0,300080.0,,,100.0,3,30.008,100.0,98.649,74.0,49.6252518,0.00355,0.0,100.0
1573,Clavibacter,"",2,-100,1573,,85023,Bacteria,0,0,0,-100,0.0,0.0,0.0,300080.0,,,100.0,3,30.008,100.0,98.4,31.3333,307.6526489,0.00355,0.0,100.0
1291006,Clavibacter cf. michiganensis LMG 26808,"",1,1291006,1573,,85023,Bacteria,0,0,0,-100,0.0,0.0,0.0,300080.0,,,100.0,3,30.008,100.0,98.4,31.3333,307.6526489,0.00355,0.0,100.0
1906657,Candidatus Doolittlea,"",2,-100,1906657,,543,Bacteria,0,0,0,-100,0.0,0.0,0.0,200050.0,,,100.0,2,20.005,100.0,88.05,33.5,307.6526489,0.00237,0.0,100.0
1778262,Candidatus Doolittlea endobia,"",1,1778262,1906657,,543,Bacteria,0,0,0,-100,0.0,0.0,0.0,200050.0,,,100.0,2,20.005,100.0,88.05,33.5,307.6526489,0.00237,0.0,100.0
1780190,Izhakiella,"",2,-100,1780190,,543,Bacteria,0,0,0,-100,0.0,0.0,0.0,200050.0,,,100.0,3,30.008,100.0,98.4,41.0,307.6526489,0.00355,0.0,100.0
1926881,Izhakiella australiensis,"",1,1926881,1780190,,543,Bacteria,0,0,0,-100,0.0,0.0,0.0,200050.0,,,100.0,2,20.005,100.0,97.6,41.0,307.6526489,0.00237,0.0,100.0
2579935,Izhakiella sp. KSNA2,"",1,2579935,1780190,,543,Bacteria,0,0,0,-100,0.0,0.0,0.0,100020.0,,,100.0,1,10.002,100.0,100.0,41.0,307.6526489,0.00118,0.0,100.0
1649295,Franconibacter,"",2,-100,1649295,,543,Bacteria,0,0,0,-100,0.0,0.0,0.0,200050.0,,,100.0,3,30.008,100.0,99.2,41.3333,307.6526489,0.00355,0.0,100.0
357240,Franconibacter helveticus,"",1,357240,1649295,,543,Bacteria,0,0,0,-100,0.0,0.0,0.0,200050.0,,,100.0,2,20.005,100.0,100.0,41.5,307.6526489,0.00237,0.0,100.0
435910,Franconibacter pulveris,"",1,435910,1649295,,543,Bacteria,0,0,0,-100,0.0,0.0,0.0,100020.0,,,100.0,1,10.002,100.0,97.6,41.0,307.6526489,0.00118,0.0,100.0
1504576,Pseudocitrobacter,"",2,-100,1504576,,543,Bacteria,0,0,0,-100,0.0,0.0,0.0,200050.0,,,100.0,2,20.005,100.0,92.15,35.5,307.6526489,0.00237,0.0,100.0
2202163,Pseudocitrobacter sp. RIT 415,"",1,2202163,1504576,,543,Bacteria,0,0,0,-100,0.0,0.0,0.0,200050.0,,,100.0,2,20.005,100.0,92.15,35.5,307.6526489,0.00237,0.0,100.0
1335483,Shimwellia,"",2,-100,1335483,,543,Bacteria,0,0,0,-100,0.0,0.0,0.0,200050.0,,,100.0,2,20.005,100.0,95.3,36.5,307.6526489,0.00237,0.0,100.0
563,Shimwellia blattae,"",1,563,1335483,,543,Bacteria,0,0,0,-100,0.0,0.0,0.0,200050.0,,,100.0,2,20.005,100.0,95.3,36.5,307.6526489,0.00237,0.0,100.0
158851,Trabulsiella,"",2,-100,158851,,543,Bacteria,0,0,0,-100,0.0,0.0,0.0,200050.0,,,100.0,3,30.008,100.0,98.3667,41.0,307.6526489,0.00355,0.0,100.0
379893,Trabulsiella odontotermitis,"",1,379893,158851,,543,Bacteria,0,0,0,-100,0.0,0.0,0.0,200050.0,,,100.0,2,20.005,100.0,100.0,41.0,307.6526489,0.00237,0.0,100.0
158852,Trabulsiella guamensis,"",1,158852,158851,,543,Bacteria,0,0,0,-100,0.0,0.0,0.0,100020.0,,,100.0,1,10.002,100.0,95.1,41.0,307.6526489,0.00118,0.0,100.0
36747,Orobanche,"",2,-100,36747,,91896,Eukaryota,0,2,20.005,100.0,93.95,106.0,51.411953,200050.0,0.00237,0.0,100.0,0,0,-100,0.0,0.0,0.0,,,100.0
223129,Orobanche rapum-genistae,"",1,223129,36747,,91896,Eukaryota,0,2,20.005,100.0,93.95,106.0,51.411953,200050.0,0.00237,0.0,100.0,0,0,-100,0.0,0.0,0.0,,,100.0
36086,Trichuris,"",2,-100,36086,,119093,Eukaryota,0,0,0,-100,0.0,0.0,0.0,200050.0,,,100.0,2,20.005,100.0,100.0,40.0,307.6526489,0.00237,0.0,100.0
36087,Trichuris trichiura,human whipworm,1,36087,36086,,119093,Eukaryota,0,0,0,-100,0.0,0.0,0.0,200050.0,,,100.0,2,20.005,100.0,100.0,40.0,307.6526489,0.00237,0.0,100.0
34084,Riemerella,"",2,-100,34084,,49546,Bacteria,0,0,0,-100,0.0,0.0,0.0,200050.0,,,100.0,2,20.005,100.0,100.0,36.5,307.6526489,0.00237,0.0,100.0
34085,Riemerella anatipestifer,"",1,34085,34084,,49546,Bacteria,0,0,0,-100,0.0,0.0,0.0,200050.0,,,100.0,2,20.005,100.0,100.0,36.5,307.6526489,0.00237,0.0,100.0
4527,Oryza,"",2,-100,4527,,4479,Eukaryota,0,0,0,-100,0.0,0.0,0.0,200050.0,,,100.0,2,20.005,100.0,94.05,41.5,307.6526489,0.00237,0.0,100.0
4530,Oryza sativa,rice,1,4530,4527,,4479,Eukaryota,0,0,0,-100,0.0,0.0,0.0,200050.0,,,100.0,2,20.005,100.0,94.05,41.5,307.6526489,0.00237,0.0,100.0
404,Methylobacillus,"",2,-100,404,,32011,Bacteria,0,0,0,-100,0.0,0.0,0.0,200050.0,,,100.0,2,20.005,100.0,98.8,42.0,307.6526489,0.00237,0.0,100.0
1848039,Methylobacillus sp. MM3,"",1,1848039,404,,32011,Bacteria,0,0,0,-100,0.0,0.0,0.0,200050.0,,,100.0,2,20.005,100.0,98.8,42.0,307.6526489,0.00237,0.0,100.0
581,Morganella,"",2,-100,581,,1903414,Bacteria,0,1,10.002,100.0,100.0,126.0,73.9586105,200040.0,0.00118,0.0,100.0,1,10.002,100.0,100.0,41.0,307.6526489,0.00118,0.0,100.0
582,Morganella morganii,"",1,582,581,,1903414,Bacteria,0,1,10.002,100.0,100.0,126.0,73.9586105,200040.0,0.00118,0.0,100.0,1,10.002,100.0,100.0,41.0,307.6526489,0.00118,0.0,100.0
204037,Dickeya,"",2,-100,204037,,1903410,Bacteria,0,0,0,-100,0.0,0.0,0.0,170638.5913856,,,85.2979712,3,30.008,85.2979712,95.9333,41.3333,307.6526489,0.00355,0.1748759,85.2979712
204038,Dickeya dadantii,"",1,204038,204037,,1903410,Bacteria,0,0,0,-100,0.0,0.0,0.0,170638.5913856,,,100.0,2,20.005,100.0,93.9,41.5,307.6526489,0.00237,0.0,100.0
1778540,Dickeya fangzhongdai,"",1,1778540,204037,,1903410,Bacteria,0,0,0,-100,0.0,0.0,0.0,85315.03079424001,,,100.0,1,10.002,100.0,100.0,41.0,307.6526489,0.00118,0.0,100.0
53335,Pantoea,"",2,-100,53335,,1903409,Bacteria,0,10,100.028,18.6450614,99.76,124.2,72.3247833,152572.61385434,0.01185,2.8343656,40.6642805,16,160.044,40.6642805,98.4465,43.5625,274.8809204,0.01896,3.773325,40.6642805
1484158,Pantoea sp. PSNIH1,"",1,1484158,53335,,1903409,Bacteria,0,6,60.016,100.0,100.0,126.0,73.9586105,152572.61385434,0.00711,0.0,100.0,1,10.002,100.0,100.0,41.0,307.6526489,0.00118,0.0,100.0
472694,Pantoea brenneri,"",1,472694,53335,,1903409,Bacteria,0,0,0,-100,0.0,0.0,0.0,81348.89314024999,,,100.0,2,20.005,100.0,98.8,41.0,307.6526489,0.00237,0.0,100.0
1758192,Pantoea sp. PSNIH5,"",1,1758192,53335,,1903409,Bacteria,0,0,0,-100,0.0,0.0,0.0,81348.89314024999,,,100.0,2,20.005,100.0,97.222,72.0,45.4788628,0.00237,0.0,100.0
2497684,Pantoea sp. YU22,"",1,2497684,53335,,1903409,Bacteria,0,0,0,-100,0.0,0.0,0.0,81348.89314024999,,,100.0,2,20.005,100.0,100.0,39.5,307.6526489,0.00237,0.0,100.0
1484157,Pantoea sp. PSNIH2,"",1,1484157,53335,,1903409,Bacteria,0,4,40.011,100.0,99.4,121.5,69.874054,74600.75516754,0.00474,0.0,100.0,0,0,-100,0.0,0.0,0.0,,,100.0
553,Pantoea ananatis,"",1,553,53335,,1903409,Bacteria,0,0,0,-100,0.0,0.0,0.0,57214.98132350061,,,23.4438871,6,60.016,23.4438871,97.1833,39.3333,307.6526489,0.00711,1.4708574,23.4438871
470934,Pantoea vagans,"",1,470934,53335,,1903409,Bacteria,0,0,0,-100,0.0,0.0,0.0,40672.4133561,,,100.0,1,10.002,100.0,100.0,41.0,307.6526489,0.00118,0.0,100.0
1267600,Pantoea sp. IMH,"",1,1267600,53335,,1903409,Bacteria,0,0,0,-100,0.0,0.0,0.0,40672.4133561,,,100.0,1,10.002,100.0,100.0,32.0,307.6526489,0.00118,0.0,100.0
2003658,Pantoea sp. VS1,"",1,2003658,53335,,1903409,Bacteria,0,0,0,-100,0.0,0.0,0.0,40672.4133561,,,100.0,1,10.002,100.0,100.0,42.0,307.6526489,0.00118,0.0,100.0
2303321,Superficieibacter,"",2,-100,2303321,,543,Bacteria,0,0,0,-100,0.0,0.0,0.0,100020.0,,,100.0,1,10.002,100.0,94.7,38.0,307.6526489,0.00118,0.0,100.0
2022662,Superficieibacter electus,"",1,2022662,2303321,,543,Bacteria,0,0,0,-100,0.0,0.0,0.0,100020.0,,,100.0,1,10.002,100.0,94.7,38.0,307.6526489,0.00118,0.0,100.0
2100764,Mixta,"",2,-100,2100764,,1903409,Bacteria,0,0,0,-100,0.0,0.0,0.0,100020.0,,,100.0,1,10.002,100.0,97.6,42.0,307.6526489,0.00118,0.0,100.0
1458355,Mixta theicola,"",1,1458355,2100764,,1903409,Bacteria,0,0,0,-100,0.0,0.0,0.0,100020.0,,,100.0,1,10.002,100.0,97.6,42.0,307.6526489,0.00118,0.0,100.0
1649642,Oleiagrimonas,"",2,-100,1649642,,1775411,Bacteria,0,0,0,-100,0.0,0.0,0.0,100020.0,,,100.0,1,10.002,100.0,100.0,26.0,307.6526489,0.00118,0.0,100.0
1926883,Oleiagrimonas sp. MCCC 1A03011,"",1,1926883,1649642,,1775411,Bacteria,0,0,0,-100,0.0,0.0,0.0,100020.0,,,100.0,1,10.002,100.0,100.0,26.0,307.6526489,0.00118,0.0,100.0
1649298,Siccibacter,"",2,-100,1649298,,543,Bacteria,0,0,0,-100,0.0,0.0,0.0,100020.0,,,100.0,1,10.002,100.0,97.6,41.0,307.6526489,0.00118,0.0,100.0
1505757,Siccibacter colletis,"",1,1505757,1649298,,543,Bacteria,0,0,0,-100,0.0,0.0,0.0,100020.0,,,100.0,1,10.002,100.0,97.6,41.0,307.6526489,0.00118,0.0,100.0
511678,Aliivibrio,"",2,-100,511678,,641,Bacteria,0,0,0,-100,0.0,0.0,0.0,100020.0,,,100.0,1,10.002,100.0,100.0,41.0,307.6526489,0.00118,0.0,100.0
668,Aliivibrio fischeri,"",1,668,511678,,641,Bacteria,0,0,0,-100,0.0,0.0,0.0,100020.0,,,100.0,1,10.002,100.0,100.0,41.0,307.6526489,0.00118,0.0,100.0
451512,Mangrovibacter,"",2,-100,451512,,543,Bacteria,0,0,0,-100,0.0,0.0,0.0,100020.0,,,100.0,1,10.002,100.0,100.0,41.0,307.6526489,0.00118,0.0,100.0
1691903,Mangrovibacter phragmitis,"",1,1691903,451512,,543,Bacteria,0,0,0,-100,0.0,0.0,0.0,100020.0,,,100.0,1,10.002,100.0,100.0,41.0,307.6526489,0.00118,0.0,100.0
349742,Sedimenticola,"",2,-100,349742,,-300,Bacteria,0,0,0,-100,0.0,0.0,0.0,100020.0,,,100.0,1,10.002,100.0,100.0,30.0,307.6526489,0.00118,0.0,100.0
1940285,Sedimenticola sp.,"",1,1940285,349742,,-300,Bacteria,0,0,0,-100,0.0,0.0,0.0,100020.0,,,100.0,1,10.002,100.0,100.0,30.0,307.6526489,0.00118,0.0,100.0
347533,Zobellella,"",2,-100,347533,,84642,Bacteria,0,0,0,-100,0.0,0.0,0.0,100020.0,,,100.0,1,10.002,100.0,97.6,42.0,307.6526489,0.00118,0.0,100.0
2059725,Zobellella maritima,"",1,2059725,347533,,84642,Bacteria,0,0,0,-100,0.0,0.0,0.0,100020.0,,,100.0,1,10.002,100.0,97.6,42.0,307.6526489,0.00118,0.0,100.0
335438,Poecilobdella,"",2,-100,335438,,6417,Eukaryota,0,0,0,-100,0.0,0.0,0.0,100020.0,,,100.0,1,10.002,100.0,100.0,41.0,307.6526489,0.00118,0.0,100.0
1348078,Poecilobdella manillensis,"",1,1348078,335438,,6417,Eukaryota,0,0,0,-100,0.0,0.0,0.0,100020.0,,,100.0,1,10.002,100.0,100.0,41.0,307.6526489,0.00118,0.0,100.0
231683,Saccharospirillum,"",2,-100,231683,,255527,Bacteria,0,0,0,-100,0.0,0.0,0.0,100020.0,,,100.0,1,10.002,100.0,97.6,42.0,307.6526489,0.00118,0.0,100.0
169438,Saccharospirillum impatiens,"",1,169438,231683,,255527,Bacteria,0,0,0,-100,0.0,0.0,0.0,100020.0,,,100.0,1,10.002,100.0,97.6,42.0,307.6526489,0.00118,0.0,100.0
223385,Grimontella,"",2,-100,223385,,-300,Bacteria,0,0,0,-100,0.0,0.0,0.0,100020.0,,,100.0,1,10.002,100.0,90.9,33.0,307.6526489,0.00118,0.0,100.0
2183905,Grimontella sp. AG753,"",1,2183905,223385,,-300,Bacteria,0,0,0,-100,0.0,0.0,0.0,100020.0,,,100.0,1,10.002,100.0,90.9,33.0,307.6526489,0.00118,0.0,100.0
160433,Samsonia,"",2,-100,160433,,1903411,Bacteria,0,0,0,-100,0.0,0.0,0.0,100020.0,,,100.0,1,10.002,100.0,100.0,41.0,307.6526489,0.00118,0.0,100.0
160434,Samsonia erythrinae,"",1,160434,160433,,1903411,Bacteria,0,0,0,-100,0.0,0.0,0.0,100020.0,,,100.0,1,10.002,100.0,100.0,41.0,307.6526489,0.00118,0.0,100.0
107830,Myxobacter,"",2,-100,107830,,-300,Bacteria,0,0,0,-100,0.0,0.0,0.0,100020.0,,,100.0,1,10.002,100.0,92.7,41.0,307.6526489,0.00118,0.0,100.0
319470,Myxobacter sp. HK1,"",1,319470,107830,,-300,Bacteria,0,0,0,-100,0.0,0.0,0.0,100020.0,,,100.0,1,10.002,100.0,92.7,41.0,307.6526489,0.00118,0.0,100.0
83618,Pseudoxanthomonas,"",2,-100,83618,,32033,Bacteria,0,0,0,-100,0.0,0.0,0.0,100020.0,,,100.0,1,10.002,100.0,66.7,42.0,307.6526489,0.00118,0.0,100.0
344882,Pseudoxanthomonas dokdonensis,"",1,344882,83618,,32033,Bacteria,0,0,0,-100,0.0,0.0,0.0,100020.0,,,100.0,1,10.002,100.0,66.7,42.0,307.6526489,0.00118,0.0,100.0
82982,Obesumbacterium,"",2,-100,82982,,1903412,Bacteria,0,0,0,-100,0.0,0.0,0.0,100020.0,,,100.0,1,10.002,100.0,100.0,41.0,307.6526489,0.00118,0.0,100.0
82983,Obesumbacterium proteus,"",1,82983,82982,,1903412,Bacteria,0,0,0,-100,0.0,0.0,0.0,100020.0,,,100.0,1,10.002,100.0,100.0,41.0,307.6526489,0.00118,0.0,100.0
82976,Buttiauxella,"",2,-100,82976,,543,Bacteria,0,0,0,-100,0.0,0.0,0.0,100020.0,,,100.0,4,40.011,100.0,96.175,39.75,307.6526489,0.00474,0.0,100.0
82989,Buttiauxella ferragutiae,"",1,82989,82976,,543,Bacteria,0,0,0,-100,0.0,0.0,0.0,100020.0,,,100.0,1,10.002,100.0,87.5,40.0,307.6526489,0.00118,0.0,100.0
82990,Buttiauxella gaviniae,"",1,82990,82976,,543,Bacteria,0,0,0,-100,0.0,0.0,0.0,100020.0,,,100.0,1,10.002,100.0,100.0,42.0,307.6526489,0.00118,0.0,100.0
82993,Buttiauxella warmboldiae,"",1,82993,82976,,543,Bacteria,0,0,0,-100,0.0,0.0,0.0,100020.0,,,100.0,1,10.002,100.0,100.0,41.0,307.6526489,0.00118,0.0,100.0
2485129,Buttiauxella sp. JUb87,"",1,2485129,82976,,543,Bacteria,0,0,0,-100,0.0,0.0,0.0,100020.0,,,100.0,1,10.002,100.0,97.2,36.0,307.6526489,0.00118,0.0,100.0
79922,Clonorchis,"",2,-100,79922,,6196,Eukaryota,0,0,0,-100,0.0,0.0,0.0,100020.0,,,100.0,1,10.002,100.0,100.0,41.0,307.6526489,0.00118,0.0,100.0
79923,Clonorchis sinensis,"",1,79923,79922,,6196,Eukaryota,0,0,0,-100,0.0,0.0,0.0,100020.0,,,100.0,1,10.002,100.0,100.0,41.0,307.6526489,0.00118,0.0,100.0
75984,Mannheimia,"",2,-100,75984,,712,Bacteria,0,1,10.002,100.0,100.0,126.0,73.9586105,100020.0,0.00118,0.0,100.0,0,0,-100,0.0,0.0,0.0,,,100.0
75985,Mannheimia haemolytica,"",1,75985,75984,,712,Bacteria,0,1,10.002,100.0,100.0,126.0,73.9586105,100020.0,0.00118,0.0,100.0,0,0,-100,0.0,0.0,0.0,,,100.0
71655,Brenneria,"",2,-100,71655,,1903410,Bacteria,0,0,0,-100,0.0,0.0,0.0,100020.0,,,100.0,1,10.002,100.0,97.6,42.0,307.6526489,0.00118,0.0,100.0
55213,Brenneria rubrifaciens,"",1,55213,71655,,1903410,Bacteria,0,0,0,-100,0.0,0.0,0.0,100020.0,,,100.0,1,10.002,100.0,97.6,42.0,307.6526489,0.00118,0.0,100.0
71460,Cylicostephanus,"",2,-100,71460,,27830,Eukaryota,0,0,0,-100,0.0,0.0,0.0,100020.0,,,100.0,1,10.002,100.0,97.6,41.0,307.6526489,0.00118,0.0,100.0
71465,Cylicostephanus goldi,"",1,71465,71460,,27830,Eukaryota,0,0,0,-100,0.0,0.0,0.0,100020.0,,,100.0,1,10.002,100.0,97.6,41.0,307.6526489,0.00118,0.0,100.0
51654,Plutella,"",2,-100,51654,,51653,Eukaryota,0,0,0,-100,0.0,0.0,0.0,100020.0,,,100.0,1,10.002,100.0,97.6,42.0,307.6526489,0.00118,0.0,100.0
51655,Plutella xylostella,diamondback moth,1,51655,51654,,51653,Eukaryota,0,0,0,-100,0.0,0.0,0.0,100020.0,,,100.0,1,10.002,100.0,97.6,42.0,307.6526489,0.00118,0.0,100.0
34037,Rahnella,"",2,-100,34037,,1903411,Bacteria,0,0,0,-100,0.0,0.0,0.0,100020.0,,,100.0,1,10.002,100.0,100.0,41.0,307.6526489,0.00118,0.0,100.0
1896943,Rahnella sp. Larv3_ips,"",1,1896943,34037,,1903411,Bacteria,0,0,0,-100,0.0,0.0,0.0,100020.0,,,100.0,1,10.002,100.0,100.0,41.0,307.6526489,0.00118,0.0,100.0
5637,Polyporus,"",2,-100,5637,,5317,Eukaryota,0,0,0,-100,0.0,0.0,0.0,100020.0,,,100.0,1,10.002,100.0,97.6,41.0,307.6526489,0.00118,0.0,100.0
196234,Polyporus grammocephalus,"",1,196234,5637,,5317,Eukaryota,0,0,0,-100,0.0,0.0,0.0,100020.0,,,100.0,1,10.002,100.0,97.6,41.0,307.6526489,0.00118,0.0,100.0
2425,Teredinibacter,"",2,-100,2425,,1706371,Bacteria,0,0,0,-100,0.0,0.0,0.0,100020.0,,,100.0,1,10.002,100.0,100.0,41.0,307.6526489,0.00118,0.0,100.0
2426,Teredinibacter turnerae,"",1,2426,2425,,1706371,Bacteria,0,0,0,-100,0.0,0.0,0.0,100020.0,,,100.0,1,10.002,100.0,100.0,41.0,307.6526489,0.00118,0.0,100.0
657,Photobacterium,"",2,-100,657,,641,Bacteria,0,0,0,-100,0.0,0.0,0.0,100020.0,,,100.0,1,10.002,100.0,100.0,41.0,307.6526489,0.00118,0.0,100.0
266810,Photobacterium lipolyticum,"",1,266810,657,,641,Bacteria,0,0,0,-100,0.0,0.0,0.0,100020.0,,,100.0,1,10.002,100.0,100.0,41.0,307.6526489,0.00118,0.0,100.0
29580,Janthinobacterium,"",2,-100,29580,,75682,Bacteria,0,0,0,-100,0.0,0.0,0.0,98324.4757971,,,24.574361,4,40.011,24.574361,99.4,41.5,307.6526489,0.00474,0.7978469,24.574361
2035207,Janthinobacterium sp. 67,"",1,2035207,29580,,75682,Bacteria,0,0,0,-100,0.0,0.0,0.0,98324.4757971,,,100.0,4,40.011,100.0,99.4,41.5,307.6526489,0.00474,0.0,100.0
1827,Rhodococcus,"",2,-100,1827,,85025,Bacteria,0,0,0,-100,0.0,0.0,0.0,81750.46479714001,,,20.4319974,5,50.014,20.4319974,95.52,41.2,307.6526489,0.00592,2.9076445,20.4319974
334542,Rhodococcus qingshengii,"",1,334542,1827,,85025,Bacteria,0,0,0,-100,0.0,0.0,0.0,81750.46479714001,,,100.0,4,40.011,100.0,99.4,41.5,307.6526489,0.00474,0.0,100.0
37919,Rhodococcus opacus,"",1,37919,1827,,85025,Bacteria,0,0,0,-100,0.0,0.0,0.0,20436.083799480002,,,100.0,1,10.002,100.0,80.0,40.0,307.6526489,0.00118,0.0,100.0
637,Arsenophonus,"",2,-100,637,,1903414,Bacteria,0,0,0,-100,0.0,0.0,0.0,31298.612297399995,,,15.6453948,2,20.005,15.6453948,95.9,35.5,307.6526489,0.00237,0.6195265,15.6453948
638,Arsenophonus nasoniae,son-killer infecting Nasonia vitripennis,1,638,637,,1903414,Bacteria,0,0,0,-100,0.0,0.0,0.0,31298.612297399995,,,100.0,2,20.005,100.0,95.9,35.5,307.6526489,0.00237,0.0,100.0
-200119060,non-genus-specific reads in family Burkholderiaceae,,2,-100,-200119060,,119060,Bacteria,0,0,0,-100,0.0,0.0,0.0,20064.12793514852,,,20.3822336,5,50.014,20.3822336,98.214,56.0,6.4801722,0.00592,1.4139289,20.3822336
2030806,Burkholderiaceae bacterium,"",1,2030806,-200119060,,119060,Bacteria,0,0,0,-100,0.0,0.0,0.0,20064.12793514852,,,19.6823488,5,50.014,19.6823488,98.214,56.0,6.4801722,0.00592,1.239053,19.6823488
265,Paracoccus,"",2,-100,265,,31989,Bacteria,0,0,0,-100,0.0,0.0,0.0,7997.8517505,,,7.9962525,1,10.002,7.9962525,100.0,35.0,307.6526489,0.00118,0.9690877,7.9962525
412597,Paracoccus sp. TRP,"",1,412597,265,,31989,Bacteria,0,0,0,-100,0.0,0.0,0.0,7997.8517505,,,100.0,1,10.002,100.0,100.0,35.0,307.6526489,0.00118,0.0,100.0
274591,Hoeflea,"",2,-100,274591,,69277,Bacteria,0,0,0,-100,0.0,0.0,0.0,7896.227687639475,,,28.0974176,1,10.002,28.0974176,100.0,42.0,307.6526489,0.00118,0.1748759,28.0974176
1116369,Hoeflea sp. 108,"",1,1116369,274591,,69277,Bacteria,0,0,0,-100,0.0,0.0,0.0,7896.227687639475,,,28.0974176,1,10.002,28.0974176,100.0,42.0,307.6526489,0.00118,0.1748759,28.0974176
1637,Listeria,"",2,-100,1637,,186820,Bacteria,0,0,0,-100,0.0,0.0,0.0,3702.5625790671647,,,19.2401201,1,10.002,19.2401201,85.7,35.0,307.6526489,0.00118,0.3533869,19.2401201
1639,Listeria monocytogenes,"",1,1639,1637,,186820,Bacteria,0,0,0,-100,0.0,0.0,0.0,3702.5625790671647,,,19.2401201,1,10.002,19.2401201,85.7,35.0,307.6526489,0.00118,0.3533869,19.2401201
914,Nitrosomonas,"",2,-100,914,,206379,Bacteria,0,1,10.002,3.5361469,99.2,126.0,72.6020584,3536.8541293800004,0.00118,1.239053,3.5361469,0,0,-100,0.0,0.0,0.0,,,3.5361469
916,Nitrosomonas eutropha,"",1,916,914,,206379,Bacteria,0,1,10.002,100.0,99.2,126.0,72.6020584,3536.8541293800004,0.00118,0.0,100.0,0,0,-100,0.0,0.0,0.0,,,100.0
237,Flavobacterium,"",2,-100,237,,49546,Bacteria,0,0,0,-100,0.0,0.0,0.0,3505.5907779599997,,,3.5048898,1,10.002,3.5048898,100.0,41.0,307.6526489,0.00118,1.7709509,3.5048898
96345,Flavobacterium psychrophilum,"",1,96345,237,,49546,Bacteria,0,0,0,-100,0.0,0.0,0.0,3505.5907779599997,,,100.0,1,10.002,100.0,100.0,41.0,307.6526489,0.00118,0.0,100.0
33882,Microbacterium,"",2,-100,33882,,85023,Bacteria,0,0,0,-100,0.0,0.0,0.0,2953.0956010200002,,,2.9525051,1,10.002,2.9525051,97.1,35.0,307.6526489,0.00118,2.3902867,2.9525051
1504156,Microbacterium sp. SUBG005,"",1,1504156,33882,,85023,Bacteria,0,0,0,-100,0.0,0.0,0.0,2953.0956010200002,,,100.0,1,10.002,100.0,97.1,35.0,307.6526489,0.00118,0.0,100.0
2055880,Pseudescherichia,"",2,-100,2055880,,543,Bacteria,0,0,0,-100,0.0,0.0,0.0,1904.424454201069,,,13.7987088,1,10.002,13.7987088,78.6,42.0,307.6526489,0.00118,0.3497519,13.7987088
566,Pseudescherichia vulneris,"",1,566,2055880,,543,Bacteria,0,0,0,-100,0.0,0.0,0.0,1904.424454201069,,,13.7987088,1,10.002,13.7987088,78.6,42.0,307.6526489,0.00118,0.3497519,13.7987088
1716,Corynebacterium,"",2,-100,1716,,1653,Bacteria,0,0,0,-100,0.0,0.0,0.0,1692.3053934,,,-1.691967,1,10.002,-1.691967,97.6,42.0,307.6526489,0.00118,48.1436501,-1.691967
1603887,Corynebacterium sp. CMW7794,"",1,1603887,1716,,1653,Bacteria,0,0,0,-100,0.0,0.0,0.0,1692.3053934,,,100.0,1,10.002,100.0,97.6,42.0,307.6526489,0.00118,0.0,100.0
40323,Stenotrophomonas,"",2,-100,40323,,32033,Bacteria,0,0,0,-100,0.0,0.0,0.0,1421.3231932191832,,,5.3558236,5,50.014,5.3558236,98.56,52.4,202.8755798,0.00592,9.741394,5.3558236
40324,Stenotrophomonas maltophilia,"",1,40324,40323,,32033,Bacteria,0,0,0,-100,0.0,0.0,0.0,1421.3231932191832,,,5.3060946,5,50.014,5.3060946,98.56,52.4,202.8755798,0.00592,9.5665178,5.3060946
445,Legionella,"",2,-100,445,,444,Bacteria,0,0,0,-100,0.0,0.0,0.0,1420.1059644,,,1.419822,1,10.002,1.419822,100.0,18.0,307.6526489,0.00118,2.8579118,1.419822
446,Legionella pneumophila,"",1,446,445,,444,Bacteria,0,0,0,-100,0.0,0.0,0.0,1420.1059644,,,100.0,1,10.002,100.0,100.0,18.0,307.6526489,0.00118,0.0,100.0
32012,Thiomonas,"",2,-100,32012,,-300,Bacteria,0,0,0,-100,0.0,0.0,0.0,1217.1428799,,,1.2168995,1,10.002,1.2168995,100.0,42.0,307.6526489,0.00118,4.7928333,1.2168995
554132,Thiomonas sp. CB3,"",1,554132,32012,,-300,Bacteria,0,0,0,-100,0.0,0.0,0.0,1217.1428799,,,100.0,1,10.002,100.0,100.0,42.0,307.6526489,0.00118,0.0,100.0
12916,Acidovorax,"",2,-100,12916,,80864,Bacteria,0,0,0,-100,0.0,0.0,0.0,822.87284166,,,-0.8227083,1,10.002,-0.8227083,100.0,41.0,307.6526489,0.00118,13.1391401,-0.8227083
1177982,Acidovorax wautersii,"",1,1177982,12916,,80864,Bacteria,0,0,0,-100,0.0,0.0,0.0,822.87284166,,,100.0,1,10.002,100.0,100.0,41.0,307.6526489,0.00118,0.0,100.0
6268,Anisakis,"",2,-100,6268,,6267,Eukaryota,0,0,0,-100,0.0,0.0,0.0,816.0187296143736,,,9.0324723,1,10.002,9.0324723,100.0,41.0,307.6526489,0.00118,0.5246278,9.0324723
6269,Anisakis simplex,herring worm,1,6269,6268,,6267,Eukaryota,0,0,0,-100,0.0,0.0,0.0,816.0187296143736,,,9.0324723,1,10.002,9.0324723,100.0,41.0,307.6526489,0.00118,0.5246278,9.0324723
434,Acetobacter,"",2,-100,434,,433,Bacteria,0,0,0,-100,0.0,0.0,0.0,737.17670586,,,0.7370293,1,10.002,0.7370293,100.0,41.0,307.6526489,0.00118,4.5074706,0.7370293
438,Acetobacter pasteurianus,"",1,438,434,,433,Bacteria,0,0,0,-100,0.0,0.0,0.0,737.17670586,,,100.0,1,10.002,100.0,100.0,41.0,307.6526489,0.00118,0.0,100.0
357,Agrobacterium,"",2,-100,357,,82115,Bacteria,0,0,0,-100,0.0,0.0,0.0,627.3064362,,,0.627181,1,10.002,0.627181,100.0,42.0,307.6526489,0.00118,5.5529008,0.627181
1701910,Agrobacterium sp. SUL3,"",1,1701910,357,,82115,Bacteria,0,0,0,-100,0.0,0.0,0.0,627.3064362,,,100.0,1,10.002,100.0,100.0,42.0,307.6526489,0.00118,0.0,100.0
55799,Diploscapter,"",2,-100,55799,,6243,Eukaryota,0,0,0,-100,0.0,0.0,0.0,438.1455960999607,,,6.6185949,1,10.002,6.6185949,85.4,41.0,307.6526489,0.00118,1.1514244,6.6185949
2018661,Diploscapter pachys,"",1,2018661,55799,,6243,Eukaryota,0,0,0,-100,0.0,0.0,0.0,438.1455960999607,,,6.6185949,1,10.002,6.6185949,85.4,41.0,307.6526489,0.00118,1.1514244,6.6185949
1578,Lactobacillus,"",2,-100,1578,,33958,Bacteria,0,0,0,-100,0.0,0.0,0.0,392.1901223400001,,,-0.3921117,1,10.002,-0.3921117,97.6,42.0,307.6526489,0.00118,18.4995823,-0.3921117
1624,Lactobacillus salivarius,"",1,1624,1578,,33958,Bacteria,0,0,0,-100,0.0,0.0,0.0,392.1901223400001,,,100.0,1,10.002,100.0,97.6,42.0,307.6526489,0.00118,0.0,100.0
28067,Rubrivivax,"",2,-100,28067,,-300,Bacteria,0,0,0,-100,0.0,0.0,0.0,277.98278544,,,-0.2779272,1,10.002,-0.2779272,100.0,41.0,307.6526489,0.00118,16.2549286,-0.2779272
2499835,Rubrivivax sp. ICH-3,"",1,2499835,28067,,-300,Bacteria,0,0,0,-100,0.0,0.0,0.0,277.98278544,,,100.0,1,10.002,100.0,100.0,41.0,307.6526489,0.00118,0.0,100.0
151548,Eumeta,"",2,-100,151548,,93884,Eukaryota,0,0,0,-100,0.0,0.0,0.0,272.484576524791,,,5.2194836,1,10.002,5.2194836,86.8,38.0,307.6526489,0.00118,0.8743796,5.2194836
151549,Eumeta japonica,"",1,151549,151548,,93884,Eukaryota,0,0,0,-100,0.0,0.0,0.0,272.484576524791,,,5.2194836,1,10.002,5.2194836,86.8,38.0,307.6526489,0.00118,0.8743796,5.2194836
93758,Corchorus,"",2,-100,93758,,3629,Eukaryota,0,0,0,-100,0.0,0.0,0.0,226.2946381825209,,,3.3633174,2,20.005,3.3633174,91.45,41.0,307.6526489,0.00237,3.5537803,3.3633174
93759,Corchorus olitorius,"",1,93759,93758,,3629,Eukaryota,0,0,0,-100,0.0,0.0,0.0,226.2946381825209,,,3.3633174,2,20.005,3.3633174,91.45,41.0,307.6526489,0.00237,3.5537803,3.3633174
1386,Bacillus,"",2,-100,1386,,186817,Bacteria,0,0,0,-100,0.0,0.0,0.0,204.27594702000002,,,-0.2042351,1,10.002,-0.2042351,100.0,41.0,307.6526489,0.00118,12.0307646,-0.2042351
1428,Bacillus thuringiensis,"",1,1428,1386,,186817,Bacteria,0,0,0,-100,0.0,0.0,0.0,204.27594702000002,,,100.0,1,10.002,100.0,100.0,41.0,307.6526489,0.00118,0.0,100.0
68287,Mesorhizobium,"",2,-100,68287,,69277,Bacteria,0,0,0,-100,0.0,0.0,0.0,140.57864511543218,,,0.7570749,1,10.002,0.7570749,93.9,33.0,307.6526489,0.00118,4.6789765,0.7570749
1871066,Mesorhizobium sp.,"",1,1871066,68287,,69277,Bacteria,0,0,0,-100,0.0,0.0,0.0,140.57864511543218,,,18.5649445,1,10.002,18.5649445,93.9,33.0,307.6526489,0.00118,0.2623139,18.5649445
222,Achromobacter,"",2,-100,222,,506,Bacteria,0,0,0,-100,0.0,0.0,0.0,139.61651772000002,,,0.1395886,1,10.002,0.1395886,97.6,42.0,307.6526489,0.00118,8.3197393,0.1395886
1806490,Achromobacter sp. ATCC35328,"",1,1806490,222,,506,Bacteria,0,0,0,-100,0.0,0.0,0.0,139.61651772000002,,,100.0,1,10.002,100.0,97.6,42.0,307.6526489,0.00118,0.0,100.0
507,Alcaligenes,"",2,-100,507,,506,Bacteria,0,0,0,-100,0.0,0.0,0.0,117.14580353417257,,,3.4223147,1,10.002,3.4223147,97.3,37.0,307.6526489,0.00118,1.5619304,3.4223147
511,Alcaligenes faecalis,"",1,511,507,,506,Bacteria,0,0,0,-100,0.0,0.0,0.0,117.14580353417257,,,3.4223147,1,10.002,3.4223147,97.3,37.0,307.6526489,0.00118,1.5619304,3.4223147
1763,Mycobacterium,"",2,-100,1763,,1762,Bacteria,0,0,0,-100,0.0,0.0,0.0,31.314933556798124,,,-1.1704979,3,30.008,-1.1704979,99.2,41.3333,307.6526489,0.00355,50.3055573,-1.1704979
1773,Mycobacterium tuberculosis,"",1,1773,1763,,1762,Bacteria,0,0,0,-100,0.0,0.0,0.0,31.314933556798124,,,0.8915461,3,30.008,0.8915461,99.2,41.3333,307.6526489,0.00355,12.6672554,0.8915461
1279,Staphylococcus,"",2,-100,1279,,90964,Bacteria,0,0,0,-100,0.0,0.0,0.0,28.150542087829884,,,0.4418172,6,60.016,0.4418172,99.5667,35.5,307.6526489,0.00711,47.8723526,0.4418172
1280,Staphylococcus aureus,"",1,1280,1279,,90964,Bacteria,0,0,0,-100,0.0,0.0,0.0,28.150542087829884,,,1.2739505,5,50.014,1.2739505,99.48,34.4,307.6526489,0.00592,24.2410221,1.2739505
1282,Staphylococcus epidermidis,"",1,1282,1279,,90964,Bacteria,0,0,0,-100,0.0,0.0,0.0,1.7099787663481962,,,0.3869557,1,10.002,0.3869557,100.0,41.0,307.6526489,0.00118,7.5745721,0.3869557
1073,Rhodopseudomonas,"",2,-100,1073,,41294,Bacteria,0,0,0,-100,0.0,0.0,0.0,18.745265977012696,,,0.5504865,1,10.002,0.5504865,100.0,42.0,307.6526489,0.00118,6.6088343,0.5504865
1076,Rhodopseudomonas palustris,"",1,1076,1073,,41294,Bacteria,0,0,0,-100,0.0,0.0,0.0,18.745265977012696,,,3.4045372,1,10.002,3.4045372,100.0,42.0,307.6526489,0.00118,2.7133548,3.4045372
517,Bordetella,"",2,-100,517,,506,Bacteria,0,0,0,-100,0.0,0.0,0.0,1.0991523758238613,,,0.0323745,1,10.002,0.0323745,92.7,41.0,307.6526489,0.00118,9.5319176,0.0323745
518,Bordetella bronchiseptica,"",1,518,517,,506,Bacteria,0,0,0,-100,0.0,0.0,0.0,1.0991523758238613,,,3.3944388,1,10.002,3.3944388,92.7,41.0,307.6526489,0.00118,1.3834194,3.3944388
47420,Hydrogenophaga,"",2,-100,47420,,80864,Bacteria,0,1,10.002,-0.1287113,100.0,126.0,73.9586105,0.7887095491985662,0.00118,12.3897676,-0.1287113,0,0,-100,0.0,0.0,0.0,,,-0.1287113
2184519,Hydrogenophaga sp. NH-16,"",1,2184519,47420,,80864,Bacteria,0,1,10.002,0.6126516,100.0,126.0,73.9586105,0.7887095491985662,0.00118,4.8685832,0.6126516,0,0,-100,0.0,0.0,0.0,,,0.6126516
482,Neisseria,"",2,-100,482,,481,Bacteria,0,0,0,-100,0.0,0.0,0.0,0.757593938244051,,,-0.0546711,1,10.002,-0.0546711,100.0,41.0,307.6526489,0.00118,10.7786226,-0.0546711
487,Neisseria meningitidis,"",1,487,482,,481,Bacteria,0,0,0,-100,0.0,0.0,0.0,0.757593938244051,,,1.3854531,1,10.002,1.3854531,100.0,41.0,307.6526489,0.00118,3.2989273,1.3854531
1301,Streptococcus,"",2,-100,1301,,1300,Bacteria,0,0,0,-100,0.0,0.0,0.0,-3.8859535886178613,,,-0.9251568,1,10.002,-0.9251568,100.0,41.0,307.6526489,0.00118,75.7638245,-0.9251568
1313,Streptococcus pneumoniae,"",1,1313,1301,,1300,Bacteria,0,0,0,-100,0.0,0.0,0.0,-3.8859535886178613,,,-0.4199479,1,10.002,-0.4199479,100.0,41.0,307.6526489,0.00118,30.5756512,-0.4199479
